panel,place,engine,writers,route,run,mops_s,maxrss_kib,conserved,src
churn_alloc,copin,seqlock,1,rseq,1,6.55078,29016,OK,91c9aca36619-18809ea8
churn_alloc,copin,seqlock,1,batch,1,6.52907,29024,OK,91c9aca36619-18809ea8
churn_alloc,copin,seqlock,1,batch_rseq,1,6.54909,29024,OK,91c9aca36619-18809ea8
churn_alloc,copin,seqlock,1,base,1,6.57544,29020,OK,91c9aca36619-18809ea8
churn_alloc,copin,seqlock,1,batch,2,6.53198,29012,OK,91c9aca36619-18809ea8
churn_alloc,copin,seqlock,1,batch_rseq,2,6.48862,40292,OK,91c9aca36619-18809ea8
churn_alloc,copin,seqlock,1,base,2,6.61623,40296,OK,91c9aca36619-18809ea8
churn_alloc,copin,seqlock,1,rseq,2,6.53831,36196,OK,91c9aca36619-18809ea8
churn_alloc,copin,seqlock,1,batch_rseq,3,6.51712,29028,OK,91c9aca36619-18809ea8
churn_alloc,copin,seqlock,1,base,3,6.58543,40308,OK,91c9aca36619-18809ea8
churn_alloc,copin,seqlock,1,rseq,3,6.49552,29004,OK,91c9aca36619-18809ea8
churn_alloc,copin,seqlock,1,batch,3,6.61458,29004,OK,91c9aca36619-18809ea8
churn_alloc,copin,seqlock,1,base,4,6.58714,29008,OK,91c9aca36619-18809ea8
churn_alloc,copin,seqlock,1,rseq,4,6.55113,36224,OK,91c9aca36619-18809ea8
churn_alloc,copin,seqlock,1,batch,4,6.56152,40316,OK,91c9aca36619-18809ea8
churn_alloc,copin,seqlock,1,batch_rseq,4,6.52256,29032,OK,91c9aca36619-18809ea8
churn_alloc,copin,seqlock,1,rseq,5,6.55122,29024,OK,91c9aca36619-18809ea8
churn_alloc,copin,seqlock,1,batch,5,6.63277,36208,OK,91c9aca36619-18809ea8
churn_alloc,copin,seqlock,1,batch_rseq,5,6.49814,41828,OK,91c9aca36619-18809ea8
churn_alloc,copin,seqlock,1,base,5,6.63768,29036,OK,91c9aca36619-18809ea8
churn_alloc,copin,seqlock,1,batch,6,6.59445,29044,OK,91c9aca36619-18809ea8
churn_alloc,copin,seqlock,1,batch_rseq,6,6.4752,40284,OK,91c9aca36619-18809ea8
churn_alloc,copin,seqlock,1,base,6,6.6105,40276,OK,91c9aca36619-18809ea8
churn_alloc,copin,seqlock,1,rseq,6,6.57124,36204,OK,91c9aca36619-18809ea8
churn_alloc,copin,seqlock,1,batch_rseq,7,6.50877,29036,OK,91c9aca36619-18809ea8
churn_alloc,copin,seqlock,1,base,7,6.56683,40320,OK,91c9aca36619-18809ea8
churn_alloc,copin,seqlock,1,rseq,7,6.54355,40288,OK,91c9aca36619-18809ea8
churn_alloc,copin,seqlock,1,batch,7,6.57369,29020,OK,91c9aca36619-18809ea8
churn_alloc,copin,txn-global,1,rseq,1,4.00685,57316,OK,91c9aca36619-18809ea8
churn_alloc,copin,txn-global,1,batch,1,4.18182,63868,OK,91c9aca36619-18809ea8
churn_alloc,copin,txn-global,1,batch_rseq,1,4.45796,66940,OK,91c9aca36619-18809ea8
churn_alloc,copin,txn-global,1,base,1,3.87718,57304,OK,91c9aca36619-18809ea8
churn_alloc,copin,txn-global,1,batch,2,4.05548,69140,OK,91c9aca36619-18809ea8
churn_alloc,copin,txn-global,1,batch_rseq,2,4.44086,75124,OK,91c9aca36619-18809ea8
churn_alloc,copin,txn-global,1,base,2,3.84332,57284,OK,91c9aca36619-18809ea8
churn_alloc,copin,txn-global,1,rseq,2,4.02045,57288,OK,91c9aca36619-18809ea8
churn_alloc,copin,txn-global,1,batch_rseq,3,4.46678,70072,OK,91c9aca36619-18809ea8
churn_alloc,copin,txn-global,1,base,3,3.89357,60244,OK,91c9aca36619-18809ea8
churn_alloc,copin,txn-global,1,rseq,3,4.00743,68448,OK,91c9aca36619-18809ea8
churn_alloc,copin,txn-global,1,batch,3,4.11455,67924,OK,91c9aca36619-18809ea8
churn_alloc,copin,txn-global,1,base,4,3.72434,47408,OK,91c9aca36619-18809ea8
churn_alloc,copin,txn-global,1,rseq,4,4.00088,57288,OK,91c9aca36619-18809ea8
churn_alloc,copin,txn-global,1,batch,4,4.10013,61284,OK,91c9aca36619-18809ea8
churn_alloc,copin,txn-global,1,batch_rseq,4,4.48615,66928,OK,91c9aca36619-18809ea8
churn_alloc,copin,txn-global,1,rseq,5,3.98872,57288,OK,91c9aca36619-18809ea8
churn_alloc,copin,txn-global,1,batch,5,4.16144,64856,OK,91c9aca36619-18809ea8
churn_alloc,copin,txn-global,1,batch_rseq,5,4.4325,75148,OK,91c9aca36619-18809ea8
churn_alloc,copin,txn-global,1,base,5,3.80971,57292,OK,91c9aca36619-18809ea8
churn_alloc,copin,txn-global,1,batch,6,4.10747,61628,OK,91c9aca36619-18809ea8
churn_alloc,copin,txn-global,1,batch_rseq,6,4.45829,75692,OK,91c9aca36619-18809ea8
churn_alloc,copin,txn-global,1,base,6,3.89231,57272,OK,91c9aca36619-18809ea8
churn_alloc,copin,txn-global,1,rseq,6,4.0256,59964,OK,91c9aca36619-18809ea8
churn_alloc,copin,txn-global,1,batch_rseq,7,4.43313,66932,OK,91c9aca36619-18809ea8
churn_alloc,copin,txn-global,1,base,7,3.88289,57304,OK,91c9aca36619-18809ea8
churn_alloc,copin,txn-global,1,rseq,7,4.01327,61828,OK,91c9aca36619-18809ea8
churn_alloc,copin,txn-global,1,batch,7,4.13623,65632,OK,91c9aca36619-18809ea8
churn_alloc,copin,txn-mark,1,rseq,1,3.77717,64172,OK,91c9aca36619-18809ea8
churn_alloc,copin,txn-mark,1,batch,1,3.93962,71692,OK,91c9aca36619-18809ea8
churn_alloc,copin,txn-mark,1,batch_rseq,1,4.17686,69980,OK,91c9aca36619-18809ea8
churn_alloc,copin,txn-mark,1,base,1,3.6687,57732,OK,91c9aca36619-18809ea8
churn_alloc,copin,txn-mark,1,batch,2,3.93988,63868,OK,91c9aca36619-18809ea8
churn_alloc,copin,txn-mark,1,batch_rseq,2,4.12602,73980,OK,91c9aca36619-18809ea8
churn_alloc,copin,txn-mark,1,base,2,3.68253,57724,OK,91c9aca36619-18809ea8
churn_alloc,copin,txn-mark,1,rseq,2,3.78274,60780,OK,91c9aca36619-18809ea8
churn_alloc,copin,txn-mark,1,batch_rseq,3,4.2037,70008,OK,91c9aca36619-18809ea8
churn_alloc,copin,txn-mark,1,base,3,3.68107,57676,OK,91c9aca36619-18809ea8
churn_alloc,copin,txn-mark,1,rseq,3,3.78558,60812,OK,91c9aca36619-18809ea8
churn_alloc,copin,txn-mark,1,batch,3,3.91833,66904,OK,91c9aca36619-18809ea8
churn_alloc,copin,txn-mark,1,base,4,3.65915,57724,OK,91c9aca36619-18809ea8
churn_alloc,copin,txn-mark,1,rseq,4,3.78732,60776,OK,91c9aca36619-18809ea8
churn_alloc,copin,txn-mark,1,batch,4,3.88937,71036,OK,91c9aca36619-18809ea8
churn_alloc,copin,txn-mark,1,batch_rseq,4,4.21561,69988,OK,91c9aca36619-18809ea8
churn_alloc,copin,txn-mark,1,rseq,5,3.78892,64368,OK,91c9aca36619-18809ea8
churn_alloc,copin,txn-mark,1,batch,5,3.93927,63872,OK,91c9aca36619-18809ea8
churn_alloc,copin,txn-mark,1,batch_rseq,5,4.06357,75112,OK,91c9aca36619-18809ea8
churn_alloc,copin,txn-mark,1,base,5,3.64578,57728,OK,91c9aca36619-18809ea8
churn_alloc,copin,txn-mark,1,batch,6,3.92099,66912,OK,91c9aca36619-18809ea8
churn_alloc,copin,txn-mark,1,batch_rseq,6,4.13041,66944,OK,91c9aca36619-18809ea8
churn_alloc,copin,txn-mark,1,base,6,3.67473,57684,OK,91c9aca36619-18809ea8
churn_alloc,copin,txn-mark,1,rseq,6,3.80943,60800,OK,91c9aca36619-18809ea8
churn_alloc,copin,txn-mark,1,batch_rseq,7,4.17819,70024,OK,91c9aca36619-18809ea8
churn_alloc,copin,txn-mark,1,base,7,3.66872,57720,OK,91c9aca36619-18809ea8
churn_alloc,copin,txn-mark,1,rseq,7,3.79532,60776,OK,91c9aca36619-18809ea8
churn_alloc,copin,txn-mark,1,batch,7,3.90683,71304,OK,91c9aca36619-18809ea8
churn_alloc,copin,bucketlock,1,rseq,1,6.51676,44404,OK,91c9aca36619-18809ea8
churn_alloc,copin,bucketlock,1,batch,1,6.45138,33140,OK,91c9aca36619-18809ea8
churn_alloc,copin,bucketlock,1,batch_rseq,1,6.40996,33136,OK,91c9aca36619-18809ea8
churn_alloc,copin,bucketlock,1,base,1,6.46216,44380,OK,91c9aca36619-18809ea8
churn_alloc,copin,bucketlock,1,batch,2,6.48566,44412,OK,91c9aca36619-18809ea8
churn_alloc,copin,bucketlock,1,batch_rseq,2,6.43746,37216,OK,91c9aca36619-18809ea8
churn_alloc,copin,bucketlock,1,base,2,6.46871,40316,OK,91c9aca36619-18809ea8
churn_alloc,copin,bucketlock,1,rseq,2,6.49718,33148,OK,91c9aca36619-18809ea8
churn_alloc,copin,bucketlock,1,batch_rseq,3,6.37216,33096,OK,91c9aca36619-18809ea8
churn_alloc,copin,bucketlock,1,base,3,6.4495,37212,OK,91c9aca36619-18809ea8
churn_alloc,copin,bucketlock,1,rseq,3,6.49452,44384,OK,91c9aca36619-18809ea8
churn_alloc,copin,bucketlock,1,batch,3,6.48085,37264,OK,91c9aca36619-18809ea8
churn_alloc,copin,bucketlock,1,base,4,5.90623,30064,OK,91c9aca36619-18809ea8
churn_alloc,copin,bucketlock,1,rseq,4,6.50887,40292,OK,91c9aca36619-18809ea8
churn_alloc,copin,bucketlock,1,batch,4,6.4739,40320,OK,91c9aca36619-18809ea8
churn_alloc,copin,bucketlock,1,batch_rseq,4,6.42231,33136,OK,91c9aca36619-18809ea8
churn_alloc,copin,bucketlock,1,rseq,5,6.51768,44384,OK,91c9aca36619-18809ea8
churn_alloc,copin,bucketlock,1,batch,5,6.48237,33124,OK,91c9aca36619-18809ea8
churn_alloc,copin,bucketlock,1,batch_rseq,5,6.41746,40316,OK,91c9aca36619-18809ea8
churn_alloc,copin,bucketlock,1,base,5,6.47611,33148,OK,91c9aca36619-18809ea8
churn_alloc,copin,bucketlock,1,batch,6,6.51272,33132,OK,91c9aca36619-18809ea8
churn_alloc,copin,bucketlock,1,batch_rseq,6,6.42614,33104,OK,91c9aca36619-18809ea8
churn_alloc,copin,bucketlock,1,base,6,6.42192,37256,OK,91c9aca36619-18809ea8
churn_alloc,copin,bucketlock,1,rseq,6,6.45024,33124,OK,91c9aca36619-18809ea8
churn_alloc,copin,bucketlock,1,batch_rseq,7,6.40529,44404,OK,91c9aca36619-18809ea8
churn_alloc,copin,bucketlock,1,base,7,6.44622,33136,OK,91c9aca36619-18809ea8
churn_alloc,copin,bucketlock,1,rseq,7,6.47527,33120,OK,91c9aca36619-18809ea8
churn_alloc,copin,bucketlock,1,batch,7,6.50153,40288,OK,91c9aca36619-18809ea8
churn_alloc,copin,seqlock,4,rseq,1,14.5823,58104,OK,91c9aca36619-18809ea8
churn_alloc,copin,seqlock,4,batch,1,14.6822,52620,OK,91c9aca36619-18809ea8
churn_alloc,copin,seqlock,4,batch_rseq,1,14.6517,53644,OK,91c9aca36619-18809ea8
churn_alloc,copin,seqlock,4,base,1,14.6787,54660,OK,91c9aca36619-18809ea8
churn_alloc,copin,seqlock,4,batch,2,14.5602,47480,OK,91c9aca36619-18809ea8
churn_alloc,copin,seqlock,4,batch_rseq,2,14.6664,50080,OK,91c9aca36619-18809ea8
churn_alloc,copin,seqlock,4,base,2,14.6581,51548,OK,91c9aca36619-18809ea8
churn_alloc,copin,seqlock,4,rseq,2,14.6055,57016,OK,91c9aca36619-18809ea8
churn_alloc,copin,seqlock,4,batch_rseq,3,14.6794,57248,OK,91c9aca36619-18809ea8
churn_alloc,copin,seqlock,4,base,3,14.6762,58268,OK,91c9aca36619-18809ea8
churn_alloc,copin,seqlock,4,rseq,3,14.6485,56724,OK,91c9aca36619-18809ea8
churn_alloc,copin,seqlock,4,batch,3,14.6544,53652,OK,91c9aca36619-18809ea8
churn_alloc,copin,seqlock,4,base,4,14.567,64440,OK,91c9aca36619-18809ea8
churn_alloc,copin,seqlock,4,rseq,4,14.5023,59800,OK,91c9aca36619-18809ea8
churn_alloc,copin,seqlock,4,batch,4,14.5611,54160,OK,91c9aca36619-18809ea8
churn_alloc,copin,seqlock,4,batch_rseq,4,14.6756,50592,OK,91c9aca36619-18809ea8
churn_alloc,copin,seqlock,4,rseq,5,14.6331,47512,OK,91c9aca36619-18809ea8
churn_alloc,copin,seqlock,4,batch,5,14.6725,64376,OK,91c9aca36619-18809ea8
churn_alloc,copin,seqlock,4,batch_rseq,5,14.6996,50576,OK,91c9aca36619-18809ea8
churn_alloc,copin,seqlock,4,base,5,14.2595,54660,OK,91c9aca36619-18809ea8
churn_alloc,copin,seqlock,4,batch,6,14.6399,64424,OK,91c9aca36619-18809ea8
churn_alloc,copin,seqlock,4,batch_rseq,6,14.6716,57288,OK,91c9aca36619-18809ea8
churn_alloc,copin,seqlock,4,base,6,14.6728,47496,OK,91c9aca36619-18809ea8
churn_alloc,copin,seqlock,4,rseq,6,14.6155,60288,OK,91c9aca36619-18809ea8
churn_alloc,copin,seqlock,4,batch_rseq,7,14.6741,50572,OK,91c9aca36619-18809ea8
churn_alloc,copin,seqlock,4,base,7,14.5955,50548,OK,91c9aca36619-18809ea8
churn_alloc,copin,seqlock,4,rseq,7,14.6152,47496,OK,91c9aca36619-18809ea8
churn_alloc,copin,seqlock,4,batch,7,14.7083,57744,OK,91c9aca36619-18809ea8
churn_alloc,copin,txn-global,4,rseq,1,8.84262,2098932,OK,91c9aca36619-18809ea8
churn_alloc,copin,txn-global,4,batch,1,11.4987,138340,OK,91c9aca36619-18809ea8
churn_alloc,copin,txn-global,4,batch_rseq,1,11.8033,153080,OK,91c9aca36619-18809ea8
churn_alloc,copin,txn-global,4,base,1,8.54829,1837004,OK,91c9aca36619-18809ea8
churn_alloc,copin,txn-global,4,batch,2,11.4723,148116,OK,91c9aca36619-18809ea8
churn_alloc,copin,txn-global,4,batch_rseq,2,11.7724,162832,OK,91c9aca36619-18809ea8
churn_alloc,copin,txn-global,4,base,2,8.70647,2044604,OK,91c9aca36619-18809ea8
churn_alloc,copin,txn-global,4,rseq,2,8.85622,2064016,OK,91c9aca36619-18809ea8
churn_alloc,copin,txn-global,4,batch_rseq,3,11.8373,155988,OK,91c9aca36619-18809ea8
churn_alloc,copin,txn-global,4,base,3,8.89959,1874928,OK,91c9aca36619-18809ea8
churn_alloc,copin,txn-global,4,rseq,3,9.01635,1876272,OK,91c9aca36619-18809ea8
churn_alloc,copin,txn-global,4,batch,3,11.3444,151476,OK,91c9aca36619-18809ea8
churn_alloc,copin,txn-global,4,base,4,8.98084,1956004,OK,91c9aca36619-18809ea8
churn_alloc,copin,txn-global,4,rseq,4,8.8363,2238672,OK,91c9aca36619-18809ea8
churn_alloc,copin,txn-global,4,batch,4,11.4536,148280,OK,91c9aca36619-18809ea8
churn_alloc,copin,txn-global,4,batch_rseq,4,11.7637,157528,OK,91c9aca36619-18809ea8
churn_alloc,copin,txn-global,4,rseq,5,8.80849,1976064,OK,91c9aca36619-18809ea8
churn_alloc,copin,txn-global,4,batch,5,11.442,144340,OK,91c9aca36619-18809ea8
churn_alloc,copin,txn-global,4,batch_rseq,5,11.8062,156500,OK,91c9aca36619-18809ea8
churn_alloc,copin,txn-global,4,base,5,8.73097,2192112,OK,91c9aca36619-18809ea8
churn_alloc,copin,txn-global,4,batch,6,11.2855,143860,OK,91c9aca36619-18809ea8
churn_alloc,copin,txn-global,4,batch_rseq,6,11.7597,159700,OK,91c9aca36619-18809ea8
churn_alloc,copin,txn-global,4,base,6,8.88895,1919240,OK,91c9aca36619-18809ea8
churn_alloc,copin,txn-global,4,rseq,6,8.69524,2028328,OK,91c9aca36619-18809ea8
churn_alloc,copin,txn-global,4,batch_rseq,7,11.7829,158092,OK,91c9aca36619-18809ea8
churn_alloc,copin,txn-global,4,base,7,8.59146,1925092,OK,91c9aca36619-18809ea8
churn_alloc,copin,txn-global,4,rseq,7,8.92996,2005336,OK,91c9aca36619-18809ea8
churn_alloc,copin,txn-global,4,batch,7,11.3874,151684,OK,91c9aca36619-18809ea8
churn_alloc,copin,txn-mark,4,rseq,1,7.99825,1889916,OK,91c9aca36619-18809ea8
churn_alloc,copin,txn-mark,4,batch,1,10.5585,151688,OK,91c9aca36619-18809ea8
churn_alloc,copin,txn-mark,4,batch_rseq,1,11.1758,163848,OK,91c9aca36619-18809ea8
churn_alloc,copin,txn-mark,4,base,1,8.16802,1912848,OK,91c9aca36619-18809ea8
churn_alloc,copin,txn-mark,4,batch,2,10.6425,157152,OK,91c9aca36619-18809ea8
churn_alloc,copin,txn-mark,4,batch_rseq,2,11.0938,158652,OK,91c9aca36619-18809ea8
churn_alloc,copin,txn-mark,4,base,2,8.00247,1705128,OK,91c9aca36619-18809ea8
churn_alloc,copin,txn-mark,4,rseq,2,8.15098,2340624,OK,91c9aca36619-18809ea8
churn_alloc,copin,txn-mark,4,batch_rseq,3,11.1204,159408,OK,91c9aca36619-18809ea8
churn_alloc,copin,txn-mark,4,base,3,8.16371,1946888,OK,91c9aca36619-18809ea8
churn_alloc,copin,txn-mark,4,rseq,3,8.27171,2090960,OK,91c9aca36619-18809ea8
churn_alloc,copin,txn-mark,4,batch,3,10.6121,150712,OK,91c9aca36619-18809ea8
churn_alloc,copin,txn-mark,4,base,4,8.18171,2154652,OK,91c9aca36619-18809ea8
churn_alloc,copin,txn-mark,4,rseq,4,8.26064,2106248,OK,91c9aca36619-18809ea8
churn_alloc,copin,txn-mark,4,batch,4,10.654,152708,OK,91c9aca36619-18809ea8
churn_alloc,copin,txn-mark,4,batch_rseq,4,11.2501,162808,OK,91c9aca36619-18809ea8
churn_alloc,copin,txn-mark,4,rseq,5,8.28935,1879420,OK,91c9aca36619-18809ea8
churn_alloc,copin,txn-mark,4,batch,5,10.6817,150868,OK,91c9aca36619-18809ea8
churn_alloc,copin,txn-mark,4,batch_rseq,5,11.1471,166588,OK,91c9aca36619-18809ea8
churn_alloc,copin,txn-mark,4,base,5,8.15743,1972000,OK,91c9aca36619-18809ea8
churn_alloc,copin,txn-mark,4,batch,6,10.6981,149884,OK,91c9aca36619-18809ea8
churn_alloc,copin,txn-mark,4,batch_rseq,6,11.1258,158892,OK,91c9aca36619-18809ea8
churn_alloc,copin,txn-mark,4,base,6,7.96005,1644724,OK,91c9aca36619-18809ea8
churn_alloc,copin,txn-mark,4,rseq,6,8.20714,1791944,OK,91c9aca36619-18809ea8
churn_alloc,copin,txn-mark,4,batch_rseq,7,11.0875,162408,OK,91c9aca36619-18809ea8
churn_alloc,copin,txn-mark,4,base,7,7.98939,1751684,OK,91c9aca36619-18809ea8
churn_alloc,copin,txn-mark,4,rseq,7,7.96853,1917808,OK,91c9aca36619-18809ea8
churn_alloc,copin,txn-mark,4,batch,7,10.658,149632,OK,91c9aca36619-18809ea8
churn_alloc,copin,bucketlock,4,rseq,1,12.536,54676,OK,91c9aca36619-18809ea8
churn_alloc,copin,bucketlock,4,batch,1,12.46,54716,OK,91c9aca36619-18809ea8
churn_alloc,copin,bucketlock,4,batch_rseq,1,12.7795,54672,OK,91c9aca36619-18809ea8
churn_alloc,copin,bucketlock,4,base,1,12.7006,58756,OK,91c9aca36619-18809ea8
churn_alloc,copin,bucketlock,4,batch,2,12.4434,61848,OK,91c9aca36619-18809ea8
churn_alloc,copin,bucketlock,4,batch_rseq,2,12.7625,51624,OK,91c9aca36619-18809ea8
churn_alloc,copin,bucketlock,4,base,2,12.2205,54700,OK,91c9aca36619-18809ea8
churn_alloc,copin,bucketlock,4,rseq,2,12.4891,51604,OK,91c9aca36619-18809ea8
churn_alloc,copin,bucketlock,4,batch_rseq,3,12.7877,51604,OK,91c9aca36619-18809ea8
churn_alloc,copin,bucketlock,4,base,3,12.6206,54712,OK,91c9aca36619-18809ea8
churn_alloc,copin,bucketlock,4,rseq,3,12.7521,54712,OK,91c9aca36619-18809ea8
churn_alloc,copin,bucketlock,4,batch,3,12.4727,54664,OK,91c9aca36619-18809ea8
churn_alloc,copin,bucketlock,4,base,4,12.6449,54692,OK,91c9aca36619-18809ea8
churn_alloc,copin,bucketlock,4,rseq,4,12.5188,54696,OK,91c9aca36619-18809ea8
churn_alloc,copin,bucketlock,4,batch,4,12.4704,57752,OK,91c9aca36619-18809ea8
churn_alloc,copin,bucketlock,4,batch_rseq,4,12.7379,54692,OK,91c9aca36619-18809ea8
churn_alloc,copin,bucketlock,4,rseq,5,12.4942,64928,OK,91c9aca36619-18809ea8
churn_alloc,copin,bucketlock,4,batch,5,12.4852,58760,OK,91c9aca36619-18809ea8
churn_alloc,copin,bucketlock,4,batch_rseq,5,12.7795,54692,OK,91c9aca36619-18809ea8
churn_alloc,copin,bucketlock,4,base,5,12.68,57768,OK,91c9aca36619-18809ea8
churn_alloc,copin,bucketlock,4,batch,6,12.1469,55716,OK,91c9aca36619-18809ea8
churn_alloc,copin,bucketlock,4,batch_rseq,6,12.694,51604,OK,91c9aca36619-18809ea8
churn_alloc,copin,bucketlock,4,base,6,12.6608,54668,OK,91c9aca36619-18809ea8
churn_alloc,copin,bucketlock,4,rseq,6,12.495,47508,OK,91c9aca36619-18809ea8
churn_alloc,copin,bucketlock,4,batch_rseq,7,12.7274,54692,OK,91c9aca36619-18809ea8
churn_alloc,copin,bucketlock,4,base,7,12.6607,51628,OK,91c9aca36619-18809ea8
churn_alloc,copin,bucketlock,4,rseq,7,12.1298,54684,OK,91c9aca36619-18809ea8
churn_alloc,copin,bucketlock,4,batch,7,12.4248,54684,OK,91c9aca36619-18809ea8
churn_alloc,copin,seqlock,16,rseq,1,13.6351,81312,OK,91c9aca36619-18809ea8
churn_alloc,copin,seqlock,16,batch,1,13.4288,81340,OK,91c9aca36619-18809ea8
churn_alloc,copin,seqlock,16,batch_rseq,1,13.7098,81300,OK,91c9aca36619-18809ea8
churn_alloc,copin,seqlock,16,base,1,13.4328,81336,OK,91c9aca36619-18809ea8
churn_alloc,copin,seqlock,16,batch,2,13.4824,81316,OK,91c9aca36619-18809ea8
churn_alloc,copin,seqlock,16,batch_rseq,2,13.653,81320,OK,91c9aca36619-18809ea8
churn_alloc,copin,seqlock,16,base,2,13.3335,81304,OK,91c9aca36619-18809ea8
churn_alloc,copin,seqlock,16,rseq,2,13.6642,81324,OK,91c9aca36619-18809ea8
churn_alloc,copin,seqlock,16,batch_rseq,3,13.646,81308,OK,91c9aca36619-18809ea8
churn_alloc,copin,seqlock,16,base,3,13.2891,81304,OK,91c9aca36619-18809ea8
churn_alloc,copin,seqlock,16,rseq,3,13.6732,81304,OK,91c9aca36619-18809ea8
churn_alloc,copin,seqlock,16,batch,3,13.433,81300,OK,91c9aca36619-18809ea8
churn_alloc,copin,seqlock,16,base,4,13.2243,81460,OK,91c9aca36619-18809ea8
churn_alloc,copin,seqlock,16,rseq,4,13.4594,81328,OK,91c9aca36619-18809ea8
churn_alloc,copin,seqlock,16,batch,4,13.2027,85408,OK,91c9aca36619-18809ea8
churn_alloc,copin,seqlock,16,batch_rseq,4,13.4582,81288,OK,91c9aca36619-18809ea8
churn_alloc,copin,seqlock,16,rseq,5,13.4597,81288,OK,91c9aca36619-18809ea8
churn_alloc,copin,seqlock,16,batch,5,13.1805,81284,OK,91c9aca36619-18809ea8
churn_alloc,copin,seqlock,16,batch_rseq,5,13.4692,81328,OK,91c9aca36619-18809ea8
churn_alloc,copin,seqlock,16,base,5,13.2026,85384,OK,91c9aca36619-18809ea8
churn_alloc,copin,seqlock,16,batch,6,13.3708,81320,OK,91c9aca36619-18809ea8
churn_alloc,copin,seqlock,16,batch_rseq,6,13.4912,81460,OK,91c9aca36619-18809ea8
churn_alloc,copin,seqlock,16,base,6,13.2338,81308,OK,91c9aca36619-18809ea8
churn_alloc,copin,seqlock,16,rseq,6,13.4593,81300,OK,91c9aca36619-18809ea8
churn_alloc,copin,seqlock,16,batch_rseq,7,13.4617,85416,OK,91c9aca36619-18809ea8
churn_alloc,copin,seqlock,16,base,7,13.2254,81296,OK,91c9aca36619-18809ea8
churn_alloc,copin,seqlock,16,rseq,7,13.4492,81296,OK,91c9aca36619-18809ea8
churn_alloc,copin,seqlock,16,batch,7,13.1921,81296,OK,91c9aca36619-18809ea8
churn_alloc,copin,txn-global,16,rseq,1,11.3518,136716,OK,91c9aca36619-18809ea8
churn_alloc,copin,txn-global,16,batch,1,11.15,162312,OK,91c9aca36619-18809ea8
churn_alloc,copin,txn-global,16,batch_rseq,1,11.2174,165388,OK,91c9aca36619-18809ea8
churn_alloc,copin,txn-global,16,base,1,11.4789,140700,OK,91c9aca36619-18809ea8
churn_alloc,copin,txn-global,16,batch,2,11.1431,165408,OK,91c9aca36619-18809ea8
churn_alloc,copin,txn-global,16,batch_rseq,2,11.1877,171540,OK,91c9aca36619-18809ea8
churn_alloc,copin,txn-global,16,base,2,11.4196,134640,OK,91c9aca36619-18809ea8
churn_alloc,copin,txn-global,16,rseq,2,11.358,140812,OK,91c9aca36619-18809ea8
churn_alloc,copin,txn-global,16,batch_rseq,3,11.2203,168428,OK,91c9aca36619-18809ea8
churn_alloc,copin,txn-global,16,base,3,11.4192,140804,OK,91c9aca36619-18809ea8
churn_alloc,copin,txn-global,16,rseq,3,11.2935,134680,OK,91c9aca36619-18809ea8
churn_alloc,copin,txn-global,16,batch,3,11.1228,153104,OK,91c9aca36619-18809ea8
churn_alloc,copin,txn-global,16,base,4,11.4311,140808,OK,91c9aca36619-18809ea8
churn_alloc,copin,txn-global,16,rseq,4,11.3371,143852,OK,91c9aca36619-18809ea8
churn_alloc,copin,txn-global,16,batch,4,11.1184,165400,OK,91c9aca36619-18809ea8
churn_alloc,copin,txn-global,16,batch_rseq,4,11.192,171536,OK,91c9aca36619-18809ea8
churn_alloc,copin,txn-global,16,rseq,5,11.3674,140784,OK,91c9aca36619-18809ea8
churn_alloc,copin,txn-global,16,batch,5,11.1267,162324,OK,91c9aca36619-18809ea8
churn_alloc,copin,txn-global,16,batch_rseq,5,11.1473,162304,OK,91c9aca36619-18809ea8
churn_alloc,copin,txn-global,16,base,5,11.5232,137744,OK,91c9aca36619-18809ea8
churn_alloc,copin,txn-global,16,batch,6,11.1153,156180,OK,91c9aca36619-18809ea8
churn_alloc,copin,txn-global,16,batch_rseq,6,11.2113,159208,OK,91c9aca36619-18809ea8
churn_alloc,copin,txn-global,16,base,6,11.4566,140784,OK,91c9aca36619-18809ea8
churn_alloc,copin,txn-global,16,rseq,6,11.3557,146968,OK,91c9aca36619-18809ea8
churn_alloc,copin,txn-global,16,batch_rseq,7,11.2022,165380,OK,91c9aca36619-18809ea8
churn_alloc,copin,txn-global,16,base,7,11.4114,137764,OK,91c9aca36619-18809ea8
churn_alloc,copin,txn-global,16,rseq,7,11.3138,131580,OK,91c9aca36619-18809ea8
churn_alloc,copin,txn-global,16,batch,7,11.1355,162312,OK,91c9aca36619-18809ea8
churn_alloc,copin,txn-mark,16,rseq,1,11.2211,155148,OK,91c9aca36619-18809ea8
churn_alloc,copin,txn-mark,16,batch,1,11.0388,180752,OK,91c9aca36619-18809ea8
churn_alloc,copin,txn-mark,16,batch_rseq,1,10.908,171856,OK,91c9aca36619-18809ea8
churn_alloc,copin,txn-mark,16,base,1,11.4302,159240,OK,91c9aca36619-18809ea8
churn_alloc,copin,txn-mark,16,batch,2,11.0599,183836,OK,91c9aca36619-18809ea8
churn_alloc,copin,txn-mark,16,batch_rseq,2,10.8667,180756,OK,91c9aca36619-18809ea8
churn_alloc,copin,txn-mark,16,base,2,11.3438,146928,OK,91c9aca36619-18809ea8
churn_alloc,copin,txn-mark,16,rseq,2,11.1347,159624,OK,91c9aca36619-18809ea8
churn_alloc,copin,txn-mark,16,batch_rseq,3,10.8856,183808,OK,91c9aca36619-18809ea8
churn_alloc,copin,txn-mark,16,base,3,11.3781,140824,OK,91c9aca36619-18809ea8
churn_alloc,copin,txn-mark,16,rseq,3,11.1752,150028,OK,91c9aca36619-18809ea8
churn_alloc,copin,txn-mark,16,batch,3,11.038,177684,OK,91c9aca36619-18809ea8
churn_alloc,copin,txn-mark,16,base,4,11.412,146948,OK,91c9aca36619-18809ea8
churn_alloc,copin,txn-mark,16,rseq,4,11.1829,169272,OK,91c9aca36619-18809ea8
churn_alloc,copin,txn-mark,16,batch,4,11.0342,193052,OK,91c9aca36619-18809ea8
churn_alloc,copin,txn-mark,16,batch_rseq,4,10.9439,183808,OK,91c9aca36619-18809ea8
churn_alloc,copin,txn-mark,16,rseq,5,11.1914,154084,OK,91c9aca36619-18809ea8
churn_alloc,copin,txn-mark,16,batch,5,11.0673,177684,OK,91c9aca36619-18809ea8
churn_alloc,copin,txn-mark,16,batch_rseq,5,10.943,205000,OK,91c9aca36619-18809ea8
churn_alloc,copin,txn-mark,16,base,5,11.3778,150020,OK,91c9aca36619-18809ea8
churn_alloc,copin,txn-mark,16,batch,6,11.0741,177672,OK,91c9aca36619-18809ea8
churn_alloc,copin,txn-mark,16,batch_rseq,6,10.9424,205336,OK,91c9aca36619-18809ea8
churn_alloc,copin,txn-mark,16,base,6,11.4052,158176,OK,91c9aca36619-18809ea8
churn_alloc,copin,txn-mark,16,rseq,6,11.1822,146944,OK,91c9aca36619-18809ea8
churn_alloc,copin,txn-mark,16,batch_rseq,7,11.0012,180736,OK,91c9aca36619-18809ea8
churn_alloc,copin,txn-mark,16,base,7,11.4332,159240,OK,91c9aca36619-18809ea8
churn_alloc,copin,txn-mark,16,rseq,7,11.1659,137744,OK,91c9aca36619-18809ea8
churn_alloc,copin,txn-mark,16,batch,7,11.1561,177636,OK,91c9aca36619-18809ea8
churn_alloc,copin,bucketlock,16,rseq,1,9.92977,85504,OK,91c9aca36619-18809ea8
churn_alloc,copin,bucketlock,16,batch,1,9.90434,85508,OK,91c9aca36619-18809ea8
churn_alloc,copin,bucketlock,16,batch_rseq,1,9.82964,85480,OK,91c9aca36619-18809ea8
churn_alloc,copin,bucketlock,16,base,1,9.94372,85508,OK,91c9aca36619-18809ea8
churn_alloc,copin,bucketlock,16,batch,2,9.92963,85532,OK,91c9aca36619-18809ea8
churn_alloc,copin,bucketlock,16,batch_rseq,2,9.83192,88576,OK,91c9aca36619-18809ea8
churn_alloc,copin,bucketlock,16,base,2,9.93363,85496,OK,91c9aca36619-18809ea8
churn_alloc,copin,bucketlock,16,rseq,2,9.93383,85492,OK,91c9aca36619-18809ea8
churn_alloc,copin,bucketlock,16,batch_rseq,3,9.82703,85484,OK,91c9aca36619-18809ea8
churn_alloc,copin,bucketlock,16,base,3,9.88777,85500,OK,91c9aca36619-18809ea8
churn_alloc,copin,bucketlock,16,rseq,3,9.95108,85508,OK,91c9aca36619-18809ea8
churn_alloc,copin,bucketlock,16,batch,3,9.91439,85540,OK,91c9aca36619-18809ea8
churn_alloc,copin,bucketlock,16,base,4,9.94047,85536,OK,91c9aca36619-18809ea8
churn_alloc,copin,bucketlock,16,rseq,4,9.96332,85512,OK,91c9aca36619-18809ea8
churn_alloc,copin,bucketlock,16,batch,4,9.92779,85492,OK,91c9aca36619-18809ea8
churn_alloc,copin,bucketlock,16,batch_rseq,4,9.85044,85496,OK,91c9aca36619-18809ea8
churn_alloc,copin,bucketlock,16,rseq,5,9.87886,85504,OK,91c9aca36619-18809ea8
churn_alloc,copin,bucketlock,16,batch,5,9.94836,85520,OK,91c9aca36619-18809ea8
churn_alloc,copin,bucketlock,16,batch_rseq,5,9.85354,85536,OK,91c9aca36619-18809ea8
churn_alloc,copin,bucketlock,16,base,5,9.9463,85504,OK,91c9aca36619-18809ea8
churn_alloc,copin,bucketlock,16,batch,6,9.92213,85516,OK,91c9aca36619-18809ea8
churn_alloc,copin,bucketlock,16,batch_rseq,6,9.83012,85516,OK,91c9aca36619-18809ea8
churn_alloc,copin,bucketlock,16,base,6,9.92346,85520,OK,91c9aca36619-18809ea8
churn_alloc,copin,bucketlock,16,rseq,6,9.85105,85504,OK,91c9aca36619-18809ea8
churn_alloc,copin,bucketlock,16,batch_rseq,7,9.80908,85652,OK,91c9aca36619-18809ea8
churn_alloc,copin,bucketlock,16,base,7,9.93052,85512,OK,91c9aca36619-18809ea8
churn_alloc,copin,bucketlock,16,rseq,7,9.94969,85512,OK,91c9aca36619-18809ea8
churn_alloc,copin,bucketlock,16,batch,7,9.92558,85504,OK,91c9aca36619-18809ea8
churn_alloc,copin,seqlock,48,rseq,1,39.3794,216712,OK,91c9aca36619-18809ea8
churn_alloc,copin,seqlock,48,batch,1,39.6448,212604,OK,91c9aca36619-18809ea8
churn_alloc,copin,seqlock,48,batch_rseq,1,39.8894,212616,OK,91c9aca36619-18809ea8
churn_alloc,copin,seqlock,48,base,1,40.0254,212652,OK,91c9aca36619-18809ea8
churn_alloc,copin,seqlock,48,batch,2,40.1343,212656,OK,91c9aca36619-18809ea8
churn_alloc,copin,seqlock,48,batch_rseq,2,40.5556,212612,OK,91c9aca36619-18809ea8
churn_alloc,copin,seqlock,48,base,2,39.6817,216724,OK,91c9aca36619-18809ea8
churn_alloc,copin,seqlock,48,rseq,2,39.9149,216748,OK,91c9aca36619-18809ea8
churn_alloc,copin,seqlock,48,batch_rseq,3,39.6744,213040,OK,91c9aca36619-18809ea8
churn_alloc,copin,seqlock,48,base,3,39.2755,216724,OK,91c9aca36619-18809ea8
churn_alloc,copin,seqlock,48,rseq,3,39.2048,212640,OK,91c9aca36619-18809ea8
churn_alloc,copin,seqlock,48,batch,3,39.5163,212624,OK,91c9aca36619-18809ea8
churn_alloc,copin,seqlock,48,base,4,39.326,212640,OK,91c9aca36619-18809ea8
churn_alloc,copin,seqlock,48,rseq,4,39.4278,216724,OK,91c9aca36619-18809ea8
churn_alloc,copin,seqlock,48,batch,4,39.5176,212624,OK,91c9aca36619-18809ea8
churn_alloc,copin,seqlock,48,batch_rseq,4,39.8115,212652,OK,91c9aca36619-18809ea8
churn_alloc,copin,seqlock,48,rseq,5,39.4422,212640,OK,91c9aca36619-18809ea8
churn_alloc,copin,seqlock,48,batch,5,40.2331,212612,OK,91c9aca36619-18809ea8
churn_alloc,copin,seqlock,48,batch_rseq,5,40.5912,212620,OK,91c9aca36619-18809ea8
churn_alloc,copin,seqlock,48,base,5,39.9068,216732,OK,91c9aca36619-18809ea8
churn_alloc,copin,seqlock,48,batch,6,40.288,212632,OK,91c9aca36619-18809ea8
churn_alloc,copin,seqlock,48,batch_rseq,6,40.1905,212620,OK,91c9aca36619-18809ea8
churn_alloc,copin,seqlock,48,base,6,39.7865,212644,OK,91c9aca36619-18809ea8
churn_alloc,copin,seqlock,48,rseq,6,40.1116,212624,OK,91c9aca36619-18809ea8
churn_alloc,copin,seqlock,48,batch_rseq,7,40.5583,212656,OK,91c9aca36619-18809ea8
churn_alloc,copin,seqlock,48,base,7,39.9737,212632,OK,91c9aca36619-18809ea8
churn_alloc,copin,seqlock,48,rseq,7,40.179,212632,OK,91c9aca36619-18809ea8
churn_alloc,copin,seqlock,48,batch,7,39.7321,216712,OK,91c9aca36619-18809ea8
churn_alloc,copin,txn-global,48,rseq,1,33.761,444092,OK,91c9aca36619-18809ea8
churn_alloc,copin,txn-global,48,batch,1,33.1905,519832,OK,91c9aca36619-18809ea8
churn_alloc,copin,txn-global,48,batch_rseq,1,33.3023,446464,OK,91c9aca36619-18809ea8
churn_alloc,copin,txn-global,48,base,1,34.3291,472160,OK,91c9aca36619-18809ea8
churn_alloc,copin,txn-global,48,batch,2,33.1297,442232,OK,91c9aca36619-18809ea8
churn_alloc,copin,txn-global,48,batch_rseq,2,33.245,462876,OK,91c9aca36619-18809ea8
churn_alloc,copin,txn-global,48,base,2,34.0061,407200,OK,91c9aca36619-18809ea8
churn_alloc,copin,txn-global,48,rseq,2,33.8796,375124,OK,91c9aca36619-18809ea8
churn_alloc,copin,txn-global,48,batch_rseq,3,33.2745,451824,OK,91c9aca36619-18809ea8
churn_alloc,copin,txn-global,48,base,3,34.1857,390624,OK,91c9aca36619-18809ea8
churn_alloc,copin,txn-global,48,rseq,3,33.7138,375088,OK,91c9aca36619-18809ea8
churn_alloc,copin,txn-global,48,batch,3,33.1098,446020,OK,91c9aca36619-18809ea8
churn_alloc,copin,txn-global,48,base,4,34.1798,464256,OK,91c9aca36619-18809ea8
churn_alloc,copin,txn-global,48,rseq,4,33.7433,376412,OK,91c9aca36619-18809ea8
churn_alloc,copin,txn-global,48,batch,4,33.124,448988,OK,91c9aca36619-18809ea8
churn_alloc,copin,txn-global,48,batch_rseq,4,33.2388,459160,OK,91c9aca36619-18809ea8
churn_alloc,copin,txn-global,48,rseq,5,33.8364,390532,OK,91c9aca36619-18809ea8
churn_alloc,copin,txn-global,48,batch,5,33.1126,439868,OK,91c9aca36619-18809ea8
churn_alloc,copin,txn-global,48,batch_rseq,5,33.3042,439964,OK,91c9aca36619-18809ea8
churn_alloc,copin,txn-global,48,base,5,34.2952,449980,OK,91c9aca36619-18809ea8
churn_alloc,copin,txn-global,48,batch,6,33.0992,467444,OK,91c9aca36619-18809ea8
churn_alloc,copin,txn-global,48,batch_rseq,6,33.3748,450656,OK,91c9aca36619-18809ea8
churn_alloc,copin,txn-global,48,base,6,34.3177,445712,OK,91c9aca36619-18809ea8
churn_alloc,copin,txn-global,48,rseq,6,33.9807,395272,OK,91c9aca36619-18809ea8
churn_alloc,copin,txn-global,48,batch_rseq,7,33.3439,482204,OK,91c9aca36619-18809ea8
churn_alloc,copin,txn-global,48,base,7,34.1714,372880,OK,91c9aca36619-18809ea8
churn_alloc,copin,txn-global,48,rseq,7,33.8622,368964,OK,91c9aca36619-18809ea8
churn_alloc,copin,txn-global,48,batch,7,33.0033,441900,OK,91c9aca36619-18809ea8
churn_alloc,copin,txn-mark,48,rseq,1,33.5466,403976,OK,91c9aca36619-18809ea8
churn_alloc,copin,txn-mark,48,batch,1,32.9004,499820,OK,91c9aca36619-18809ea8
churn_alloc,copin,txn-mark,48,batch_rseq,1,32.361,496792,OK,91c9aca36619-18809ea8
churn_alloc,copin,txn-mark,48,base,1,34.3523,435208,OK,91c9aca36619-18809ea8
churn_alloc,copin,txn-mark,48,batch,2,32.9207,538072,OK,91c9aca36619-18809ea8
churn_alloc,copin,txn-mark,48,batch_rseq,2,32.5608,522568,OK,91c9aca36619-18809ea8
churn_alloc,copin,txn-mark,48,base,2,33.8485,411296,OK,91c9aca36619-18809ea8
churn_alloc,copin,txn-mark,48,rseq,2,33.2612,446476,OK,91c9aca36619-18809ea8
churn_alloc,copin,txn-mark,48,batch_rseq,3,32.4925,499840,OK,91c9aca36619-18809ea8
churn_alloc,copin,txn-mark,48,base,3,34.2027,482740,OK,91c9aca36619-18809ea8
churn_alloc,copin,txn-mark,48,rseq,3,33.5346,428564,OK,91c9aca36619-18809ea8
churn_alloc,copin,txn-mark,48,batch,3,33.1922,502920,OK,91c9aca36619-18809ea8
churn_alloc,copin,txn-mark,48,base,4,34.3791,509932,OK,91c9aca36619-18809ea8
churn_alloc,copin,txn-mark,48,rseq,4,33.4832,535540,OK,91c9aca36619-18809ea8
churn_alloc,copin,txn-mark,48,batch,4,32.876,487512,OK,91c9aca36619-18809ea8
churn_alloc,copin,txn-mark,48,batch_rseq,4,32.4692,522920,OK,91c9aca36619-18809ea8
churn_alloc,copin,txn-mark,48,rseq,5,33.624,634088,OK,91c9aca36619-18809ea8
churn_alloc,copin,txn-mark,48,batch,5,32.871,490628,OK,91c9aca36619-18809ea8
churn_alloc,copin,txn-mark,48,batch_rseq,5,32.6078,493696,OK,91c9aca36619-18809ea8
churn_alloc,copin,txn-mark,48,base,5,34.0972,407684,OK,91c9aca36619-18809ea8
churn_alloc,copin,txn-mark,48,batch,6,32.9705,533616,OK,91c9aca36619-18809ea8
churn_alloc,copin,txn-mark,48,batch_rseq,6,32.5087,493648,OK,91c9aca36619-18809ea8
churn_alloc,copin,txn-mark,48,base,6,34.2553,449600,OK,91c9aca36619-18809ea8
churn_alloc,copin,txn-mark,48,rseq,6,33.3262,473884,OK,91c9aca36619-18809ea8
churn_alloc,copin,txn-mark,48,batch_rseq,7,32.4496,548608,OK,91c9aca36619-18809ea8
churn_alloc,copin,txn-mark,48,base,7,34.2411,477280,OK,91c9aca36619-18809ea8
churn_alloc,copin,txn-mark,48,rseq,7,33.3289,397320,OK,91c9aca36619-18809ea8
churn_alloc,copin,txn-mark,48,batch,7,32.8697,525636,OK,91c9aca36619-18809ea8
churn_alloc,copin,bucketlock,48,rseq,1,29.6175,216820,OK,91c9aca36619-18809ea8
churn_alloc,copin,bucketlock,48,batch,1,29.5053,216796,OK,91c9aca36619-18809ea8
churn_alloc,copin,bucketlock,48,batch_rseq,1,29.3174,217252,OK,91c9aca36619-18809ea8
churn_alloc,copin,bucketlock,48,base,1,29.6156,216764,OK,91c9aca36619-18809ea8
churn_alloc,copin,bucketlock,48,batch,2,29.7,216756,OK,91c9aca36619-18809ea8
churn_alloc,copin,bucketlock,48,batch_rseq,2,29.3189,220908,OK,91c9aca36619-18809ea8
churn_alloc,copin,bucketlock,48,base,2,29.6364,220884,OK,91c9aca36619-18809ea8
churn_alloc,copin,bucketlock,48,rseq,2,29.5206,212676,OK,91c9aca36619-18809ea8
churn_alloc,copin,bucketlock,48,batch_rseq,3,29.2632,220924,OK,91c9aca36619-18809ea8
churn_alloc,copin,bucketlock,48,base,3,29.6469,216812,OK,91c9aca36619-18809ea8
churn_alloc,copin,bucketlock,48,rseq,3,29.552,216772,OK,91c9aca36619-18809ea8
churn_alloc,copin,bucketlock,48,batch,3,29.5378,216768,OK,91c9aca36619-18809ea8
churn_alloc,copin,bucketlock,48,base,4,29.5698,216792,OK,91c9aca36619-18809ea8
churn_alloc,copin,bucketlock,48,rseq,4,29.6111,216784,OK,91c9aca36619-18809ea8
churn_alloc,copin,bucketlock,48,batch,4,29.552,216792,OK,91c9aca36619-18809ea8
churn_alloc,copin,bucketlock,48,batch_rseq,4,29.3106,216752,OK,91c9aca36619-18809ea8
churn_alloc,copin,bucketlock,48,rseq,5,29.5936,220896,OK,91c9aca36619-18809ea8
churn_alloc,copin,bucketlock,48,batch,5,29.6164,216800,OK,91c9aca36619-18809ea8
churn_alloc,copin,bucketlock,48,batch_rseq,5,29.3475,216788,OK,91c9aca36619-18809ea8
churn_alloc,copin,bucketlock,48,base,5,29.5998,216804,OK,91c9aca36619-18809ea8
churn_alloc,copin,bucketlock,48,batch,6,29.5741,220896,OK,91c9aca36619-18809ea8
churn_alloc,copin,bucketlock,48,batch_rseq,6,29.4427,216788,OK,91c9aca36619-18809ea8
churn_alloc,copin,bucketlock,48,base,6,29.7086,216792,OK,91c9aca36619-18809ea8
churn_alloc,copin,bucketlock,48,rseq,6,29.591,216792,OK,91c9aca36619-18809ea8
churn_alloc,copin,bucketlock,48,batch_rseq,7,29.2955,219856,OK,91c9aca36619-18809ea8
churn_alloc,copin,bucketlock,48,base,7,29.5842,216816,OK,91c9aca36619-18809ea8
churn_alloc,copin,bucketlock,48,rseq,7,29.5137,216788,OK,91c9aca36619-18809ea8
churn_alloc,copin,bucketlock,48,batch,7,29.4896,217260,OK,91c9aca36619-18809ea8
churn_alloc,sibling,seqlock,4,rseq,1,14.6743,47492,OK,91c9aca36619-18809ea8
churn_alloc,sibling,seqlock,4,batch,1,14.7336,47492,OK,91c9aca36619-18809ea8
churn_alloc,sibling,seqlock,4,batch_rseq,1,14.7308,47480,OK,91c9aca36619-18809ea8
churn_alloc,sibling,seqlock,4,base,1,14.7381,47512,OK,91c9aca36619-18809ea8
churn_alloc,sibling,seqlock,4,batch,2,14.6982,50596,OK,91c9aca36619-18809ea8
churn_alloc,sibling,seqlock,4,batch_rseq,2,14.7822,47500,OK,91c9aca36619-18809ea8
churn_alloc,sibling,seqlock,4,base,2,14.7438,47496,OK,91c9aca36619-18809ea8
churn_alloc,sibling,seqlock,4,rseq,2,14.6886,47496,OK,91c9aca36619-18809ea8
churn_alloc,sibling,seqlock,4,batch_rseq,3,14.764,47504,OK,91c9aca36619-18809ea8
churn_alloc,sibling,seqlock,4,base,3,14.7542,47492,OK,91c9aca36619-18809ea8
churn_alloc,sibling,seqlock,4,rseq,3,14.6642,47496,OK,91c9aca36619-18809ea8
churn_alloc,sibling,seqlock,4,batch,3,14.4874,47496,OK,91c9aca36619-18809ea8
churn_alloc,sibling,seqlock,4,base,4,14.6907,52612,OK,91c9aca36619-18809ea8
churn_alloc,sibling,seqlock,4,rseq,4,14.6083,51612,OK,91c9aca36619-18809ea8
churn_alloc,sibling,seqlock,4,batch,4,14.7196,47488,OK,91c9aca36619-18809ea8
churn_alloc,sibling,seqlock,4,batch_rseq,4,14.782,47520,OK,91c9aca36619-18809ea8
churn_alloc,sibling,seqlock,4,rseq,5,14.6922,47488,OK,91c9aca36619-18809ea8
churn_alloc,sibling,seqlock,4,batch,5,14.6754,47496,OK,91c9aca36619-18809ea8
churn_alloc,sibling,seqlock,4,batch_rseq,5,14.7427,47492,OK,91c9aca36619-18809ea8
churn_alloc,sibling,seqlock,4,base,5,14.6674,47516,OK,91c9aca36619-18809ea8
churn_alloc,sibling,seqlock,4,batch,6,14.6683,50568,OK,91c9aca36619-18809ea8
churn_alloc,sibling,seqlock,4,batch_rseq,6,14.7399,47496,OK,91c9aca36619-18809ea8
churn_alloc,sibling,seqlock,4,base,6,14.697,47524,OK,91c9aca36619-18809ea8
churn_alloc,sibling,seqlock,4,rseq,6,14.7075,47472,OK,91c9aca36619-18809ea8
churn_alloc,sibling,seqlock,4,batch_rseq,7,14.7117,47504,OK,91c9aca36619-18809ea8
churn_alloc,sibling,seqlock,4,base,7,14.7306,47504,OK,91c9aca36619-18809ea8
churn_alloc,sibling,seqlock,4,rseq,7,14.7168,47500,OK,91c9aca36619-18809ea8
churn_alloc,sibling,seqlock,4,batch,7,14.7174,47512,OK,91c9aca36619-18809ea8
churn_alloc,sibling,txn-global,4,rseq,1,10.557,1586960,OK,91c9aca36619-18809ea8
churn_alloc,sibling,txn-global,4,batch,1,11.6676,139100,OK,91c9aca36619-18809ea8
churn_alloc,sibling,txn-global,4,batch_rseq,1,12.088,157948,OK,91c9aca36619-18809ea8
churn_alloc,sibling,txn-global,4,base,1,9.16088,1386728,OK,91c9aca36619-18809ea8
churn_alloc,sibling,txn-global,4,batch,2,11.6489,138372,OK,91c9aca36619-18809ea8
churn_alloc,sibling,txn-global,4,batch_rseq,2,12.1469,148888,OK,91c9aca36619-18809ea8
churn_alloc,sibling,txn-global,4,base,2,9.16083,1376216,OK,91c9aca36619-18809ea8
churn_alloc,sibling,txn-global,4,rseq,2,10.5424,1602516,OK,91c9aca36619-18809ea8
churn_alloc,sibling,txn-global,4,batch_rseq,3,12.06,145372,OK,91c9aca36619-18809ea8
churn_alloc,sibling,txn-global,4,base,3,9.14971,1386832,OK,91c9aca36619-18809ea8
churn_alloc,sibling,txn-global,4,rseq,3,10.5645,1597908,OK,91c9aca36619-18809ea8
churn_alloc,sibling,txn-global,4,batch,3,11.6227,141720,OK,91c9aca36619-18809ea8
churn_alloc,sibling,txn-global,4,base,4,9.14373,1382312,OK,91c9aca36619-18809ea8
churn_alloc,sibling,txn-global,4,rseq,4,10.5059,1582344,OK,91c9aca36619-18809ea8
churn_alloc,sibling,txn-global,4,batch,4,11.6911,138428,OK,91c9aca36619-18809ea8
churn_alloc,sibling,txn-global,4,batch_rseq,4,12.0678,151172,OK,91c9aca36619-18809ea8
churn_alloc,sibling,txn-global,4,rseq,5,10.5327,1552688,OK,91c9aca36619-18809ea8
churn_alloc,sibling,txn-global,4,batch,5,11.6768,142028,OK,91c9aca36619-18809ea8
churn_alloc,sibling,txn-global,4,batch_rseq,5,12.051,157964,OK,91c9aca36619-18809ea8
churn_alloc,sibling,txn-global,4,base,5,9.16437,1375276,OK,91c9aca36619-18809ea8
churn_alloc,sibling,txn-global,4,batch,6,11.6097,141924,OK,91c9aca36619-18809ea8
churn_alloc,sibling,txn-global,4,batch_rseq,6,12.0523,145008,OK,91c9aca36619-18809ea8
churn_alloc,sibling,txn-global,4,base,6,9.10784,1375472,OK,91c9aca36619-18809ea8
churn_alloc,sibling,txn-global,4,rseq,6,10.567,1578224,OK,91c9aca36619-18809ea8
churn_alloc,sibling,txn-global,4,batch_rseq,7,12.0318,151792,OK,91c9aca36619-18809ea8
churn_alloc,sibling,txn-global,4,base,7,9.14308,1380864,OK,91c9aca36619-18809ea8
churn_alloc,sibling,txn-global,4,rseq,7,10.5552,1604960,OK,91c9aca36619-18809ea8
churn_alloc,sibling,txn-global,4,batch,7,11.6263,134644,OK,91c9aca36619-18809ea8
churn_alloc,sibling,txn-mark,4,rseq,1,9.93686,1493160,OK,91c9aca36619-18809ea8
churn_alloc,sibling,txn-mark,4,batch,1,10.787,138724,OK,91c9aca36619-18809ea8
churn_alloc,sibling,txn-mark,4,batch_rseq,1,11.3922,144852,OK,91c9aca36619-18809ea8
churn_alloc,sibling,txn-mark,4,base,1,8.50177,1263416,OK,91c9aca36619-18809ea8
churn_alloc,sibling,txn-mark,4,batch,2,10.7789,138696,OK,91c9aca36619-18809ea8
churn_alloc,sibling,txn-mark,4,batch_rseq,2,11.342,178588,OK,91c9aca36619-18809ea8
churn_alloc,sibling,txn-mark,4,base,2,8.48071,1267956,OK,91c9aca36619-18809ea8
churn_alloc,sibling,txn-mark,4,rseq,2,9.90892,1506248,OK,91c9aca36619-18809ea8
churn_alloc,sibling,txn-mark,4,batch_rseq,3,11.3583,152924,OK,91c9aca36619-18809ea8
churn_alloc,sibling,txn-mark,4,base,3,8.47425,1257596,OK,91c9aca36619-18809ea8
churn_alloc,sibling,txn-mark,4,rseq,3,9.88439,1487588,OK,91c9aca36619-18809ea8
churn_alloc,sibling,txn-mark,4,batch,3,10.811,140000,OK,91c9aca36619-18809ea8
churn_alloc,sibling,txn-mark,4,base,4,8.43931,1254340,OK,91c9aca36619-18809ea8
churn_alloc,sibling,txn-mark,4,rseq,4,9.87928,1547676,OK,91c9aca36619-18809ea8
churn_alloc,sibling,txn-mark,4,batch,4,10.7989,135656,OK,91c9aca36619-18809ea8
churn_alloc,sibling,txn-mark,4,batch_rseq,4,11.3798,151268,OK,91c9aca36619-18809ea8
churn_alloc,sibling,txn-mark,4,rseq,5,9.88597,1522160,OK,91c9aca36619-18809ea8
churn_alloc,sibling,txn-mark,4,batch,5,10.8768,137588,OK,91c9aca36619-18809ea8
churn_alloc,sibling,txn-mark,4,batch_rseq,5,11.3403,162448,OK,91c9aca36619-18809ea8
churn_alloc,sibling,txn-mark,4,base,5,8.4717,1257208,OK,91c9aca36619-18809ea8
churn_alloc,sibling,txn-mark,4,batch,6,10.8354,135652,OK,91c9aca36619-18809ea8
churn_alloc,sibling,txn-mark,4,batch_rseq,6,11.3749,159480,OK,91c9aca36619-18809ea8
churn_alloc,sibling,txn-mark,4,base,6,8.47645,1264308,OK,91c9aca36619-18809ea8
churn_alloc,sibling,txn-mark,4,rseq,6,9.86608,1519452,OK,91c9aca36619-18809ea8
churn_alloc,sibling,txn-mark,4,batch_rseq,7,11.3319,163280,OK,91c9aca36619-18809ea8
churn_alloc,sibling,txn-mark,4,base,7,8.48859,1273880,OK,91c9aca36619-18809ea8
churn_alloc,sibling,txn-mark,4,rseq,7,9.89085,1476840,OK,91c9aca36619-18809ea8
churn_alloc,sibling,txn-mark,4,batch,7,10.8492,138724,OK,91c9aca36619-18809ea8
churn_alloc,sibling,bucketlock,4,rseq,1,12.3784,48508,OK,91c9aca36619-18809ea8
churn_alloc,sibling,bucketlock,4,batch,1,12.2339,40840,OK,91c9aca36619-18809ea8
churn_alloc,sibling,bucketlock,4,batch_rseq,1,12.6582,48556,OK,91c9aca36619-18809ea8
churn_alloc,sibling,bucketlock,4,base,1,12.1942,43924,OK,91c9aca36619-18809ea8
churn_alloc,sibling,bucketlock,4,batch,2,11.978,43912,OK,91c9aca36619-18809ea8
churn_alloc,sibling,bucketlock,4,batch_rseq,2,12.6744,48532,OK,91c9aca36619-18809ea8
churn_alloc,sibling,bucketlock,4,base,2,12.5195,48552,OK,91c9aca36619-18809ea8
churn_alloc,sibling,bucketlock,4,rseq,2,12.3467,54704,OK,91c9aca36619-18809ea8
churn_alloc,sibling,bucketlock,4,batch_rseq,3,12.6721,48548,OK,91c9aca36619-18809ea8
churn_alloc,sibling,bucketlock,4,base,3,12.4474,48528,OK,91c9aca36619-18809ea8
churn_alloc,sibling,bucketlock,4,rseq,3,12.3697,48516,OK,91c9aca36619-18809ea8
churn_alloc,sibling,bucketlock,4,batch,3,12.2987,39784,OK,91c9aca36619-18809ea8
churn_alloc,sibling,bucketlock,4,base,4,13.1799,43920,OK,91c9aca36619-18809ea8
churn_alloc,sibling,bucketlock,4,rseq,4,12.2187,40824,OK,91c9aca36619-18809ea8
churn_alloc,sibling,bucketlock,4,batch,4,12.3549,48532,OK,91c9aca36619-18809ea8
churn_alloc,sibling,bucketlock,4,batch_rseq,4,12.6126,54684,OK,91c9aca36619-18809ea8
churn_alloc,sibling,bucketlock,4,rseq,5,12.3758,48556,OK,91c9aca36619-18809ea8
churn_alloc,sibling,bucketlock,4,batch,5,12.2586,43944,OK,91c9aca36619-18809ea8
churn_alloc,sibling,bucketlock,4,batch_rseq,5,12.5919,48544,OK,91c9aca36619-18809ea8
churn_alloc,sibling,bucketlock,4,base,5,12.4892,48564,OK,91c9aca36619-18809ea8
churn_alloc,sibling,bucketlock,4,batch,6,12.3386,48520,OK,91c9aca36619-18809ea8
churn_alloc,sibling,bucketlock,4,batch_rseq,6,12.6905,45484,OK,91c9aca36619-18809ea8
churn_alloc,sibling,bucketlock,4,base,6,12.5035,48528,OK,91c9aca36619-18809ea8
churn_alloc,sibling,bucketlock,4,rseq,6,12.2878,54656,OK,91c9aca36619-18809ea8
churn_alloc,sibling,bucketlock,4,batch_rseq,7,12.6632,48512,OK,91c9aca36619-18809ea8
churn_alloc,sibling,bucketlock,4,base,7,12.1204,40844,OK,91c9aca36619-18809ea8
churn_alloc,sibling,bucketlock,4,rseq,7,12.3482,48504,OK,91c9aca36619-18809ea8
churn_alloc,sibling,bucketlock,4,batch,7,12.3371,48540,OK,91c9aca36619-18809ea8
churn_alloc,sibling,seqlock,48,rseq,1,38.1414,212624,OK,91c9aca36619-18809ea8
churn_alloc,sibling,seqlock,48,batch,1,38.6504,213048,OK,91c9aca36619-18809ea8
churn_alloc,sibling,seqlock,48,batch_rseq,1,38.2751,213028,OK,91c9aca36619-18809ea8
churn_alloc,sibling,seqlock,48,base,1,38.1546,217124,OK,91c9aca36619-18809ea8
churn_alloc,sibling,seqlock,48,batch,2,38.3439,212652,OK,91c9aca36619-18809ea8
churn_alloc,sibling,seqlock,48,batch_rseq,2,38.5211,216736,OK,91c9aca36619-18809ea8
churn_alloc,sibling,seqlock,48,base,2,38.1184,212636,OK,91c9aca36619-18809ea8
churn_alloc,sibling,seqlock,48,rseq,2,38.1033,212624,OK,91c9aca36619-18809ea8
churn_alloc,sibling,seqlock,48,batch_rseq,3,38.2546,212616,OK,91c9aca36619-18809ea8
churn_alloc,sibling,seqlock,48,base,3,38.2956,212664,OK,91c9aca36619-18809ea8
churn_alloc,sibling,seqlock,48,rseq,3,38.1063,213040,OK,91c9aca36619-18809ea8
churn_alloc,sibling,seqlock,48,batch,3,38.4613,213056,OK,91c9aca36619-18809ea8
churn_alloc,sibling,seqlock,48,base,4,38.2357,213020,OK,91c9aca36619-18809ea8
churn_alloc,sibling,seqlock,48,rseq,4,38.1803,216708,OK,91c9aca36619-18809ea8
churn_alloc,sibling,seqlock,48,batch,4,38.5156,216712,OK,91c9aca36619-18809ea8
churn_alloc,sibling,seqlock,48,batch_rseq,4,38.4739,216704,OK,91c9aca36619-18809ea8
churn_alloc,sibling,seqlock,48,rseq,5,38.1366,212608,OK,91c9aca36619-18809ea8
churn_alloc,sibling,seqlock,48,batch,5,38.4798,212696,OK,91c9aca36619-18809ea8
churn_alloc,sibling,seqlock,48,batch_rseq,5,38.2622,212620,OK,91c9aca36619-18809ea8
churn_alloc,sibling,seqlock,48,base,5,38.1498,212624,OK,91c9aca36619-18809ea8
churn_alloc,sibling,seqlock,48,batch,6,38.3477,216716,OK,91c9aca36619-18809ea8
churn_alloc,sibling,seqlock,48,batch_rseq,6,38.4799,216720,OK,91c9aca36619-18809ea8
churn_alloc,sibling,seqlock,48,base,6,38.2044,213004,OK,91c9aca36619-18809ea8
churn_alloc,sibling,seqlock,48,rseq,6,38.1122,217144,OK,91c9aca36619-18809ea8
churn_alloc,sibling,seqlock,48,batch_rseq,7,38.4383,217104,OK,91c9aca36619-18809ea8
churn_alloc,sibling,seqlock,48,base,7,37.8773,212640,OK,91c9aca36619-18809ea8
churn_alloc,sibling,seqlock,48,rseq,7,38.7795,212636,OK,91c9aca36619-18809ea8
churn_alloc,sibling,seqlock,48,batch,7,39.0325,212636,OK,91c9aca36619-18809ea8
churn_alloc,sibling,txn-global,48,rseq,1,32.7965,325988,OK,91c9aca36619-18809ea8
churn_alloc,sibling,txn-global,48,batch,1,32.6619,407648,OK,91c9aca36619-18809ea8
churn_alloc,sibling,txn-global,48,batch_rseq,1,33.0595,441440,OK,91c9aca36619-18809ea8
churn_alloc,sibling,txn-global,48,base,1,33.5037,370796,OK,91c9aca36619-18809ea8
churn_alloc,sibling,txn-global,48,batch,2,32.7516,416884,OK,91c9aca36619-18809ea8
churn_alloc,sibling,txn-global,48,batch_rseq,2,33.0532,441476,OK,91c9aca36619-18809ea8
churn_alloc,sibling,txn-global,48,base,2,33.5737,378232,OK,91c9aca36619-18809ea8
churn_alloc,sibling,txn-global,48,rseq,2,32.7821,321632,OK,91c9aca36619-18809ea8
churn_alloc,sibling,txn-global,48,batch_rseq,3,32.9646,436940,OK,91c9aca36619-18809ea8
churn_alloc,sibling,txn-global,48,base,3,33.6748,435492,OK,91c9aca36619-18809ea8
churn_alloc,sibling,txn-global,48,rseq,3,32.7762,364096,OK,91c9aca36619-18809ea8
churn_alloc,sibling,txn-global,48,batch,3,32.7487,423008,OK,91c9aca36619-18809ea8
churn_alloc,sibling,txn-global,48,base,4,33.6179,379500,OK,91c9aca36619-18809ea8
churn_alloc,sibling,txn-global,48,rseq,4,32.8379,333896,OK,91c9aca36619-18809ea8
churn_alloc,sibling,txn-global,48,batch,4,32.5929,424448,OK,91c9aca36619-18809ea8
churn_alloc,sibling,txn-global,48,batch_rseq,4,32.9098,432228,OK,91c9aca36619-18809ea8
churn_alloc,sibling,txn-global,48,rseq,5,32.7971,315484,OK,91c9aca36619-18809ea8
churn_alloc,sibling,txn-global,48,batch,5,32.7737,416872,OK,91c9aca36619-18809ea8
churn_alloc,sibling,txn-global,48,batch_rseq,5,32.9393,416840,OK,91c9aca36619-18809ea8
churn_alloc,sibling,txn-global,48,base,5,33.6972,349312,OK,91c9aca36619-18809ea8
churn_alloc,sibling,txn-global,48,batch,6,32.629,423036,OK,91c9aca36619-18809ea8
churn_alloc,sibling,txn-global,48,batch_rseq,6,32.9724,441460,OK,91c9aca36619-18809ea8
churn_alloc,sibling,txn-global,48,base,6,33.655,346248,OK,91c9aca36619-18809ea8
churn_alloc,sibling,txn-global,48,rseq,6,32.759,332120,OK,91c9aca36619-18809ea8
churn_alloc,sibling,txn-global,48,batch_rseq,7,32.9221,439992,OK,91c9aca36619-18809ea8
churn_alloc,sibling,txn-global,48,base,7,33.497,361284,OK,91c9aca36619-18809ea8
churn_alloc,sibling,txn-global,48,rseq,7,32.7893,329896,OK,91c9aca36619-18809ea8
churn_alloc,sibling,txn-global,48,batch,7,32.618,420688,OK,91c9aca36619-18809ea8
churn_alloc,sibling,txn-mark,48,rseq,1,32.0781,329860,OK,91c9aca36619-18809ea8
churn_alloc,sibling,txn-mark,48,batch,1,32.5244,478332,OK,91c9aca36619-18809ea8
churn_alloc,sibling,txn-mark,48,batch_rseq,1,32.1096,479304,OK,91c9aca36619-18809ea8
churn_alloc,sibling,txn-mark,48,base,1,33.5374,393280,OK,91c9aca36619-18809ea8
churn_alloc,sibling,txn-mark,48,batch,2,32.4738,472184,OK,91c9aca36619-18809ea8
churn_alloc,sibling,txn-mark,48,batch_rseq,2,32.1763,487528,OK,91c9aca36619-18809ea8
churn_alloc,sibling,txn-mark,48,base,2,33.4634,355412,OK,91c9aca36619-18809ea8
churn_alloc,sibling,txn-mark,48,rseq,2,32.1613,403552,OK,91c9aca36619-18809ea8
churn_alloc,sibling,txn-mark,48,batch_rseq,3,32.0618,478304,OK,91c9aca36619-18809ea8
churn_alloc,sibling,txn-mark,48,base,3,33.5236,370816,OK,91c9aca36619-18809ea8
churn_alloc,sibling,txn-mark,48,rseq,3,32.0183,355432,OK,91c9aca36619-18809ea8
churn_alloc,sibling,txn-mark,48,batch,3,32.5596,487532,OK,91c9aca36619-18809ea8
churn_alloc,sibling,txn-mark,48,base,4,33.6606,372848,OK,91c9aca36619-18809ea8
churn_alloc,sibling,txn-mark,48,rseq,4,32.105,351304,OK,91c9aca36619-18809ea8
churn_alloc,sibling,txn-mark,48,batch,4,32.6452,481388,OK,91c9aca36619-18809ea8
churn_alloc,sibling,txn-mark,48,batch_rseq,4,32.1466,484460,OK,91c9aca36619-18809ea8
churn_alloc,sibling,txn-mark,48,rseq,5,32.1877,408656,OK,91c9aca36619-18809ea8
churn_alloc,sibling,txn-mark,48,batch,5,32.599,481404,OK,91c9aca36619-18809ea8
churn_alloc,sibling,txn-mark,48,batch_rseq,5,32.1441,472132,OK,91c9aca36619-18809ea8
churn_alloc,sibling,txn-mark,48,base,5,33.4915,377936,OK,91c9aca36619-18809ea8
churn_alloc,sibling,txn-mark,48,batch,6,32.4816,475216,OK,91c9aca36619-18809ea8
churn_alloc,sibling,txn-mark,48,batch_rseq,6,32.2578,499840,OK,91c9aca36619-18809ea8
churn_alloc,sibling,txn-mark,48,base,6,33.4647,369756,OK,91c9aca36619-18809ea8
churn_alloc,sibling,txn-mark,48,rseq,6,32.1976,412644,OK,91c9aca36619-18809ea8
churn_alloc,sibling,txn-mark,48,batch_rseq,7,32.1589,475232,OK,91c9aca36619-18809ea8
churn_alloc,sibling,txn-mark,48,base,7,33.49,364636,OK,91c9aca36619-18809ea8
churn_alloc,sibling,txn-mark,48,rseq,7,32.0751,367684,OK,91c9aca36619-18809ea8
churn_alloc,sibling,txn-mark,48,batch,7,32.5577,478284,OK,91c9aca36619-18809ea8
churn_alloc,sibling,bucketlock,48,rseq,1,29.4959,216768,OK,91c9aca36619-18809ea8
churn_alloc,sibling,bucketlock,48,batch,1,29.4356,216812,OK,91c9aca36619-18809ea8
churn_alloc,sibling,bucketlock,48,batch_rseq,1,29.1473,216788,OK,91c9aca36619-18809ea8
churn_alloc,sibling,bucketlock,48,base,1,29.4682,217224,OK,91c9aca36619-18809ea8
churn_alloc,sibling,bucketlock,48,batch,2,29.4388,217228,OK,91c9aca36619-18809ea8
churn_alloc,sibling,bucketlock,48,batch_rseq,2,29.1398,216776,OK,91c9aca36619-18809ea8
churn_alloc,sibling,bucketlock,48,base,2,29.4539,216792,OK,91c9aca36619-18809ea8
churn_alloc,sibling,bucketlock,48,rseq,2,29.4293,216788,OK,91c9aca36619-18809ea8
churn_alloc,sibling,bucketlock,48,batch_rseq,3,29.1504,216792,OK,91c9aca36619-18809ea8
churn_alloc,sibling,bucketlock,48,base,3,29.3783,216776,OK,91c9aca36619-18809ea8
churn_alloc,sibling,bucketlock,48,rseq,3,29.4743,216812,OK,91c9aca36619-18809ea8
churn_alloc,sibling,bucketlock,48,batch,3,29.4763,217248,OK,91c9aca36619-18809ea8
churn_alloc,sibling,bucketlock,48,base,4,29.4254,216788,OK,91c9aca36619-18809ea8
churn_alloc,sibling,bucketlock,48,rseq,4,29.4419,216816,OK,91c9aca36619-18809ea8
churn_alloc,sibling,bucketlock,48,batch,4,29.4409,216800,OK,91c9aca36619-18809ea8
churn_alloc,sibling,bucketlock,48,batch_rseq,4,29.1587,216776,OK,91c9aca36619-18809ea8
churn_alloc,sibling,bucketlock,48,rseq,5,29.4746,216776,OK,91c9aca36619-18809ea8
churn_alloc,sibling,bucketlock,48,batch,5,29.486,216784,OK,91c9aca36619-18809ea8
churn_alloc,sibling,bucketlock,48,batch_rseq,5,29.1181,216792,OK,91c9aca36619-18809ea8
churn_alloc,sibling,bucketlock,48,base,5,29.4398,216792,OK,91c9aca36619-18809ea8
churn_alloc,sibling,bucketlock,48,batch,6,29.4522,216768,OK,91c9aca36619-18809ea8
churn_alloc,sibling,bucketlock,48,batch_rseq,6,29.1202,216772,OK,91c9aca36619-18809ea8
churn_alloc,sibling,bucketlock,48,base,6,29.434,219888,OK,91c9aca36619-18809ea8
churn_alloc,sibling,bucketlock,48,rseq,6,29.4868,216788,OK,91c9aca36619-18809ea8
churn_alloc,sibling,bucketlock,48,batch_rseq,7,29.1539,217240,OK,91c9aca36619-18809ea8
churn_alloc,sibling,bucketlock,48,base,7,29.4765,217248,OK,91c9aca36619-18809ea8
churn_alloc,sibling,bucketlock,48,rseq,7,29.4312,217264,OK,91c9aca36619-18809ea8
churn_alloc,sibling,bucketlock,48,batch,7,29.4192,216804,OK,91c9aca36619-18809ea8
churn_alloc,shared,seqlock,4,rseq,1,11.9402,32096,OK,91c9aca36619-18809ea8
churn_alloc,shared,seqlock,4,batch,1,11.858,32108,OK,91c9aca36619-18809ea8
churn_alloc,shared,seqlock,4,batch_rseq,1,11.9695,32104,OK,91c9aca36619-18809ea8
churn_alloc,shared,seqlock,4,base,1,11.8837,32072,OK,91c9aca36619-18809ea8
churn_alloc,shared,seqlock,4,batch,2,11.8873,32088,OK,91c9aca36619-18809ea8
churn_alloc,shared,seqlock,4,batch_rseq,2,11.9844,32100,OK,91c9aca36619-18809ea8
churn_alloc,shared,seqlock,4,base,2,11.8875,32148,OK,91c9aca36619-18809ea8
churn_alloc,shared,seqlock,4,rseq,2,11.9673,32088,OK,91c9aca36619-18809ea8
churn_alloc,shared,seqlock,4,batch_rseq,3,11.967,32116,OK,91c9aca36619-18809ea8
churn_alloc,shared,seqlock,4,base,3,11.8958,32108,OK,91c9aca36619-18809ea8
churn_alloc,shared,seqlock,4,rseq,3,11.9633,32128,OK,91c9aca36619-18809ea8
churn_alloc,shared,seqlock,4,batch,3,11.8319,32096,OK,91c9aca36619-18809ea8
churn_alloc,shared,seqlock,4,base,4,11.9213,32092,OK,91c9aca36619-18809ea8
churn_alloc,shared,seqlock,4,rseq,4,11.9517,32112,OK,91c9aca36619-18809ea8
churn_alloc,shared,seqlock,4,batch,4,11.8145,32088,OK,91c9aca36619-18809ea8
churn_alloc,shared,seqlock,4,batch_rseq,4,11.9991,32096,OK,91c9aca36619-18809ea8
churn_alloc,shared,seqlock,4,rseq,5,11.9195,32096,OK,91c9aca36619-18809ea8
churn_alloc,shared,seqlock,4,batch,5,11.8684,32124,OK,91c9aca36619-18809ea8
churn_alloc,shared,seqlock,4,batch_rseq,5,11.9739,32124,OK,91c9aca36619-18809ea8
churn_alloc,shared,seqlock,4,base,5,11.9062,32100,OK,91c9aca36619-18809ea8
churn_alloc,shared,seqlock,4,batch,6,11.9719,32100,OK,91c9aca36619-18809ea8
churn_alloc,shared,seqlock,4,batch_rseq,6,11.9801,32116,OK,91c9aca36619-18809ea8
churn_alloc,shared,seqlock,4,base,6,11.8974,32092,OK,91c9aca36619-18809ea8
churn_alloc,shared,seqlock,4,rseq,6,11.9405,32108,OK,91c9aca36619-18809ea8
churn_alloc,shared,seqlock,4,batch_rseq,7,11.961,32108,OK,91c9aca36619-18809ea8
churn_alloc,shared,seqlock,4,base,7,11.9031,32112,OK,91c9aca36619-18809ea8
churn_alloc,shared,seqlock,4,rseq,7,11.9777,32120,OK,91c9aca36619-18809ea8
churn_alloc,shared,seqlock,4,batch,7,11.9815,32080,OK,91c9aca36619-18809ea8
churn_alloc,shared,txn-global,4,rseq,1,4.80875,625504,OK,91c9aca36619-18809ea8
churn_alloc,shared,txn-global,4,batch,1,8.60759,318420,OK,91c9aca36619-18809ea8
churn_alloc,shared,txn-global,4,batch_rseq,1,10.9481,70276,OK,91c9aca36619-18809ea8
churn_alloc,shared,txn-global,4,base,1,4.95861,770712,OK,91c9aca36619-18809ea8
churn_alloc,shared,txn-global,4,batch,2,8.54576,354532,OK,91c9aca36619-18809ea8
churn_alloc,shared,txn-global,4,batch_rseq,2,8.84099,341276,OK,91c9aca36619-18809ea8
churn_alloc,shared,txn-global,4,base,2,4.95778,803832,OK,91c9aca36619-18809ea8
churn_alloc,shared,txn-global,4,rseq,2,4.76171,681280,OK,91c9aca36619-18809ea8
churn_alloc,shared,txn-global,4,batch_rseq,3,8.84956,325456,OK,91c9aca36619-18809ea8
churn_alloc,shared,txn-global,4,base,3,4.9869,719304,OK,91c9aca36619-18809ea8
churn_alloc,shared,txn-global,4,rseq,3,4.84873,616748,OK,91c9aca36619-18809ea8
churn_alloc,shared,txn-global,4,batch,3,8.60355,344024,OK,91c9aca36619-18809ea8
churn_alloc,shared,txn-global,4,base,4,4.9848,773780,OK,91c9aca36619-18809ea8
churn_alloc,shared,txn-global,4,rseq,4,4.78272,655520,OK,91c9aca36619-18809ea8
churn_alloc,shared,txn-global,4,batch,4,8.8591,179008,OK,91c9aca36619-18809ea8
churn_alloc,shared,txn-global,4,batch_rseq,4,8.77734,252584,OK,91c9aca36619-18809ea8
churn_alloc,shared,txn-global,4,rseq,5,4.74385,655636,OK,91c9aca36619-18809ea8
churn_alloc,shared,txn-global,4,batch,5,8.39742,318548,OK,91c9aca36619-18809ea8
churn_alloc,shared,txn-global,4,batch_rseq,5,8.887,253004,OK,91c9aca36619-18809ea8
churn_alloc,shared,txn-global,4,base,5,4.93774,772788,OK,91c9aca36619-18809ea8
churn_alloc,shared,txn-global,4,batch,6,8.70667,336396,OK,91c9aca36619-18809ea8
churn_alloc,shared,txn-global,4,batch_rseq,6,8.77761,269744,OK,91c9aca36619-18809ea8
churn_alloc,shared,txn-global,4,base,6,4.92552,781288,OK,91c9aca36619-18809ea8
churn_alloc,shared,txn-global,4,rseq,6,4.72767,681264,OK,91c9aca36619-18809ea8
churn_alloc,shared,txn-global,4,batch_rseq,7,8.82854,355052,OK,91c9aca36619-18809ea8
churn_alloc,shared,txn-global,4,base,7,4.9425,787496,OK,91c9aca36619-18809ea8
churn_alloc,shared,txn-global,4,rseq,7,7.07695,36308,OK,91c9aca36619-18809ea8
churn_alloc,shared,txn-global,4,batch,7,8.76593,300708,OK,91c9aca36619-18809ea8
churn_alloc,shared,txn-mark,4,rseq,1,4.59395,319700,OK,91c9aca36619-18809ea8
churn_alloc,shared,txn-mark,4,batch,1,8.48188,279556,OK,91c9aca36619-18809ea8
churn_alloc,shared,txn-mark,4,batch_rseq,1,8.75407,185348,OK,91c9aca36619-18809ea8
churn_alloc,shared,txn-mark,4,base,1,3.88737,1091756,OK,91c9aca36619-18809ea8
churn_alloc,shared,txn-mark,4,batch,2,7.07073,1383076,OK,91c9aca36619-18809ea8
churn_alloc,shared,txn-mark,4,batch_rseq,2,7.38934,1536804,OK,91c9aca36619-18809ea8
churn_alloc,shared,txn-mark,4,base,2,3.91127,1057776,OK,91c9aca36619-18809ea8
churn_alloc,shared,txn-mark,4,rseq,2,3.79307,922480,OK,91c9aca36619-18809ea8
churn_alloc,shared,txn-mark,4,batch_rseq,3,7.21338,1678536,OK,91c9aca36619-18809ea8
churn_alloc,shared,txn-mark,4,base,3,3.92783,1086820,OK,91c9aca36619-18809ea8
churn_alloc,shared,txn-mark,4,rseq,3,3.81909,929756,OK,91c9aca36619-18809ea8
churn_alloc,shared,txn-mark,4,batch,3,6.991,1429836,OK,91c9aca36619-18809ea8
churn_alloc,shared,txn-mark,4,base,4,3.91253,1060388,OK,91c9aca36619-18809ea8
churn_alloc,shared,txn-mark,4,rseq,4,4.32386,516536,OK,91c9aca36619-18809ea8
churn_alloc,shared,txn-mark,4,batch,4,8.70153,73108,OK,91c9aca36619-18809ea8
churn_alloc,shared,txn-mark,4,batch_rseq,4,8.6463,252292,OK,91c9aca36619-18809ea8
churn_alloc,shared,txn-mark,4,rseq,5,6.79882,36240,OK,91c9aca36619-18809ea8
churn_alloc,shared,txn-mark,4,batch,5,8.45424,276748,OK,91c9aca36619-18809ea8
churn_alloc,shared,txn-mark,4,batch_rseq,5,8.60082,298588,OK,91c9aca36619-18809ea8
churn_alloc,shared,txn-mark,4,base,5,4.41558,572976,OK,91c9aca36619-18809ea8
churn_alloc,shared,txn-mark,4,batch,6,8.73389,73128,OK,91c9aca36619-18809ea8
churn_alloc,shared,txn-mark,4,batch_rseq,6,8.84151,134544,OK,91c9aca36619-18809ea8
churn_alloc,shared,txn-mark,4,base,6,4.42623,570340,OK,91c9aca36619-18809ea8
churn_alloc,shared,txn-mark,4,rseq,6,4.36654,431880,OK,91c9aca36619-18809ea8
churn_alloc,shared,txn-mark,4,batch_rseq,7,11.0789,36256,OK,91c9aca36619-18809ea8
churn_alloc,shared,txn-mark,4,base,7,3.9181,1071632,OK,91c9aca36619-18809ea8
churn_alloc,shared,txn-mark,4,rseq,7,3.83235,903336,OK,91c9aca36619-18809ea8
churn_alloc,shared,txn-mark,4,batch,7,7.07933,1485000,OK,91c9aca36619-18809ea8
churn_alloc,shared,bucketlock,4,rseq,1,11.2764,36208,OK,91c9aca36619-18809ea8
churn_alloc,shared,bucketlock,4,batch,1,11.2518,36192,OK,91c9aca36619-18809ea8
churn_alloc,shared,bucketlock,4,batch_rseq,1,11.24,32084,OK,91c9aca36619-18809ea8
churn_alloc,shared,bucketlock,4,base,1,11.0903,36228,OK,91c9aca36619-18809ea8
churn_alloc,shared,bucketlock,4,batch,2,11.252,36204,OK,91c9aca36619-18809ea8
churn_alloc,shared,bucketlock,4,batch_rseq,2,11.2614,36228,OK,91c9aca36619-18809ea8
churn_alloc,shared,bucketlock,4,base,2,11.1176,36196,OK,91c9aca36619-18809ea8
churn_alloc,shared,bucketlock,4,rseq,2,11.273,36220,OK,91c9aca36619-18809ea8
churn_alloc,shared,bucketlock,4,batch_rseq,3,11.2524,36184,OK,91c9aca36619-18809ea8
churn_alloc,shared,bucketlock,4,base,3,11.2653,36228,OK,91c9aca36619-18809ea8
churn_alloc,shared,bucketlock,4,rseq,3,11.2643,36224,OK,91c9aca36619-18809ea8
churn_alloc,shared,bucketlock,4,batch,3,11.236,36184,OK,91c9aca36619-18809ea8
churn_alloc,shared,bucketlock,4,base,4,11.2719,36224,OK,91c9aca36619-18809ea8
churn_alloc,shared,bucketlock,4,rseq,4,11.2762,36204,OK,91c9aca36619-18809ea8
churn_alloc,shared,bucketlock,4,batch,4,11.2958,36220,OK,91c9aca36619-18809ea8
churn_alloc,shared,bucketlock,4,batch_rseq,4,11.2621,36212,OK,91c9aca36619-18809ea8
churn_alloc,shared,bucketlock,4,rseq,5,11.2763,36204,OK,91c9aca36619-18809ea8
churn_alloc,shared,bucketlock,4,batch,5,11.29,36220,OK,91c9aca36619-18809ea8
churn_alloc,shared,bucketlock,4,batch_rseq,5,11.2281,36204,OK,91c9aca36619-18809ea8
churn_alloc,shared,bucketlock,4,base,5,11.2641,36264,OK,91c9aca36619-18809ea8
churn_alloc,shared,bucketlock,4,batch,6,11.2941,36212,OK,91c9aca36619-18809ea8
churn_alloc,shared,bucketlock,4,batch_rseq,6,11.2485,36188,OK,91c9aca36619-18809ea8
churn_alloc,shared,bucketlock,4,base,6,11.2522,36228,OK,91c9aca36619-18809ea8
churn_alloc,shared,bucketlock,4,rseq,6,11.2641,36176,OK,91c9aca36619-18809ea8
churn_alloc,shared,bucketlock,4,batch_rseq,7,11.243,36216,OK,91c9aca36619-18809ea8
churn_alloc,shared,bucketlock,4,base,7,11.2774,36204,OK,91c9aca36619-18809ea8
churn_alloc,shared,bucketlock,4,rseq,7,11.2731,36212,OK,91c9aca36619-18809ea8
churn_alloc,shared,bucketlock,4,batch,7,11.2802,36216,OK,91c9aca36619-18809ea8
churn_alloc,shared,seqlock,48,rseq,1,23.3648,2754196,OK,91c9aca36619-18809ea8
churn_alloc,shared,seqlock,48,batch,1,23.3292,2729844,OK,91c9aca36619-18809ea8
churn_alloc,shared,seqlock,48,batch_rseq,1,23.6679,2783256,OK,91c9aca36619-18809ea8
churn_alloc,shared,seqlock,48,base,1,23.2712,2735636,OK,91c9aca36619-18809ea8
churn_alloc,shared,seqlock,48,batch,2,23.6143,2788832,OK,91c9aca36619-18809ea8
churn_alloc,shared,seqlock,48,batch_rseq,2,23.671,2799244,OK,91c9aca36619-18809ea8
churn_alloc,shared,seqlock,48,base,2,23.617,2790920,OK,91c9aca36619-18809ea8
churn_alloc,shared,seqlock,48,rseq,2,23.3139,2742312,OK,91c9aca36619-18809ea8
churn_alloc,shared,seqlock,48,batch_rseq,3,23.6945,2801700,OK,91c9aca36619-18809ea8
churn_alloc,shared,seqlock,48,base,3,23.6741,2795016,OK,91c9aca36619-18809ea8
churn_alloc,shared,seqlock,48,rseq,3,23.6308,2811836,OK,91c9aca36619-18809ea8
churn_alloc,shared,seqlock,48,batch,3,23.5423,2770436,OK,91c9aca36619-18809ea8
churn_alloc,shared,seqlock,48,base,4,23.5263,2772500,OK,91c9aca36619-18809ea8
churn_alloc,shared,seqlock,48,rseq,4,23.4926,2782880,OK,91c9aca36619-18809ea8
churn_alloc,shared,seqlock,48,batch,4,23.2308,2733564,OK,91c9aca36619-18809ea8
churn_alloc,shared,seqlock,48,batch_rseq,4,23.62,2793132,OK,91c9aca36619-18809ea8
churn_alloc,shared,seqlock,48,rseq,5,23.6577,2789016,OK,91c9aca36619-18809ea8
churn_alloc,shared,seqlock,48,batch,5,23.6274,2778648,OK,91c9aca36619-18809ea8
churn_alloc,shared,seqlock,48,batch_rseq,5,23.2598,2731656,OK,91c9aca36619-18809ea8
churn_alloc,shared,seqlock,48,base,5,23.2243,2733584,OK,91c9aca36619-18809ea8
churn_alloc,shared,seqlock,48,batch,6,23.541,2758216,OK,91c9aca36619-18809ea8
churn_alloc,shared,seqlock,48,batch_rseq,6,23.6497,2782872,OK,91c9aca36619-18809ea8
churn_alloc,shared,seqlock,48,base,6,23.2531,2729488,OK,91c9aca36619-18809ea8
churn_alloc,shared,seqlock,48,rseq,6,23.3188,2748456,OK,91c9aca36619-18809ea8
churn_alloc,shared,seqlock,48,batch_rseq,7,23.3567,2746008,OK,91c9aca36619-18809ea8
churn_alloc,shared,seqlock,48,base,7,23.5797,2780664,OK,91c9aca36619-18809ea8
churn_alloc,shared,seqlock,48,rseq,7,23.6184,2786984,OK,91c9aca36619-18809ea8
churn_alloc,shared,seqlock,48,batch,7,23.3203,2743844,OK,91c9aca36619-18809ea8
churn_alloc,shared,txn-global,48,rseq,1,7.29618,1958140,OK,91c9aca36619-18809ea8
churn_alloc,shared,txn-global,48,batch,1,22.4829,8250032,OK,91c9aca36619-18809ea8
churn_alloc,shared,txn-global,48,batch_rseq,1,22.389,8291280,OK,91c9aca36619-18809ea8
churn_alloc,shared,txn-global,48,base,1,7.24792,1875172,OK,91c9aca36619-18809ea8
churn_alloc,shared,txn-global,48,batch,2,20.3911,8864352,OK,91c9aca36619-18809ea8
churn_alloc,shared,txn-global,48,batch_rseq,2,20.3406,8880932,OK,91c9aca36619-18809ea8
churn_alloc,shared,txn-global,48,base,2,7.26707,1965152,OK,91c9aca36619-18809ea8
churn_alloc,shared,txn-global,48,rseq,2,7.31637,2128928,OK,91c9aca36619-18809ea8
churn_alloc,shared,txn-global,48,batch_rseq,3,21.9917,8366736,OK,91c9aca36619-18809ea8
churn_alloc,shared,txn-global,48,base,3,7.25603,1876360,OK,91c9aca36619-18809ea8
churn_alloc,shared,txn-global,48,rseq,3,7.29336,1952524,OK,91c9aca36619-18809ea8
churn_alloc,shared,txn-global,48,batch,3,19.4282,9083268,OK,91c9aca36619-18809ea8
churn_alloc,shared,txn-global,48,base,4,7.29139,2747596,OK,91c9aca36619-18809ea8
churn_alloc,shared,txn-global,48,rseq,4,7.30487,1950496,OK,91c9aca36619-18809ea8
churn_alloc,shared,txn-global,48,batch,4,22.4507,8247024,OK,91c9aca36619-18809ea8
churn_alloc,shared,txn-global,48,batch_rseq,4,22.5747,8329888,OK,91c9aca36619-18809ea8
churn_alloc,shared,txn-global,48,rseq,5,7.31659,2137392,OK,91c9aca36619-18809ea8
churn_alloc,shared,txn-global,48,batch,5,22.45,8323124,OK,91c9aca36619-18809ea8
churn_alloc,shared,txn-global,48,batch_rseq,5,19.3481,9101296,OK,91c9aca36619-18809ea8
churn_alloc,shared,txn-global,48,base,5,7.29583,2737364,OK,91c9aca36619-18809ea8
churn_alloc,shared,txn-global,48,batch,6,19.4302,9066636,OK,91c9aca36619-18809ea8
churn_alloc,shared,txn-global,48,batch_rseq,6,19.255,9074992,OK,91c9aca36619-18809ea8
churn_alloc,shared,txn-global,48,base,6,7.23893,2691776,OK,91c9aca36619-18809ea8
churn_alloc,shared,txn-global,48,rseq,6,7.33284,2806016,OK,91c9aca36619-18809ea8
churn_alloc,shared,txn-global,48,batch_rseq,7,19.2473,9097756,OK,91c9aca36619-18809ea8
churn_alloc,shared,txn-global,48,base,7,7.29634,2736400,OK,91c9aca36619-18809ea8
churn_alloc,shared,txn-global,48,rseq,7,7.32849,2823672,OK,91c9aca36619-18809ea8
churn_alloc,shared,txn-global,48,batch,7,19.3365,9014288,OK,91c9aca36619-18809ea8
churn_alloc,shared,txn-mark,48,rseq,1,7.24442,3025780,OK,91c9aca36619-18809ea8
churn_alloc,shared,txn-mark,48,batch,1,20.7157,8324424,OK,91c9aca36619-18809ea8
churn_alloc,shared,txn-mark,48,batch_rseq,1,20.3454,8379720,OK,91c9aca36619-18809ea8
churn_alloc,shared,txn-mark,48,base,1,7.13039,2119712,OK,91c9aca36619-18809ea8
churn_alloc,shared,txn-mark,48,batch,2,18.3553,8858100,OK,91c9aca36619-18809ea8
churn_alloc,shared,txn-mark,48,batch_rseq,2,18.7454,8929960,OK,91c9aca36619-18809ea8
churn_alloc,shared,txn-mark,48,base,2,7.19022,2170648,OK,91c9aca36619-18809ea8
churn_alloc,shared,txn-mark,48,rseq,2,7.17753,2205688,OK,91c9aca36619-18809ea8
churn_alloc,shared,txn-mark,48,batch_rseq,3,20.7846,8318236,OK,91c9aca36619-18809ea8
churn_alloc,shared,txn-mark,48,base,3,7.11428,2011936,OK,91c9aca36619-18809ea8
churn_alloc,shared,txn-mark,48,rseq,3,7.21414,2127652,OK,91c9aca36619-18809ea8
churn_alloc,shared,txn-mark,48,batch,3,18.6316,8859744,OK,91c9aca36619-18809ea8
churn_alloc,shared,txn-mark,48,base,4,7.18744,2179176,OK,91c9aca36619-18809ea8
churn_alloc,shared,txn-mark,48,rseq,4,7.23391,3042308,OK,91c9aca36619-18809ea8
churn_alloc,shared,txn-mark,48,batch,4,17.7823,9153256,OK,91c9aca36619-18809ea8
churn_alloc,shared,txn-mark,48,batch_rseq,4,20.7564,8327828,OK,91c9aca36619-18809ea8
churn_alloc,shared,txn-mark,48,rseq,5,7.20857,2113372,OK,91c9aca36619-18809ea8
churn_alloc,shared,txn-mark,48,batch,5,18.9401,8840380,OK,91c9aca36619-18809ea8
churn_alloc,shared,txn-mark,48,batch_rseq,5,17.7745,9204056,OK,91c9aca36619-18809ea8
churn_alloc,shared,txn-mark,48,base,5,7.12059,2012728,OK,91c9aca36619-18809ea8
churn_alloc,shared,txn-mark,48,batch,6,20.6536,8305900,OK,91c9aca36619-18809ea8
churn_alloc,shared,txn-mark,48,batch_rseq,6,20.7173,8342548,OK,91c9aca36619-18809ea8
churn_alloc,shared,txn-mark,48,base,6,7.10951,2023744,OK,91c9aca36619-18809ea8
churn_alloc,shared,txn-mark,48,rseq,6,7.17722,2967780,OK,91c9aca36619-18809ea8
churn_alloc,shared,txn-mark,48,batch_rseq,7,17.9117,9142276,OK,91c9aca36619-18809ea8
churn_alloc,shared,txn-mark,48,base,7,7.15077,2954772,OK,91c9aca36619-18809ea8
churn_alloc,shared,txn-mark,48,rseq,7,7.23315,3056984,OK,91c9aca36619-18809ea8
churn_alloc,shared,txn-mark,48,batch,7,17.7995,9144640,OK,91c9aca36619-18809ea8
churn_alloc,shared,bucketlock,48,rseq,1,24.4612,2903744,OK,91c9aca36619-18809ea8
churn_alloc,shared,bucketlock,48,batch,1,24.3685,2897484,OK,91c9aca36619-18809ea8
churn_alloc,shared,bucketlock,48,batch_rseq,1,24.4523,2883312,OK,91c9aca36619-18809ea8
churn_alloc,shared,bucketlock,48,base,1,24.4885,2915888,OK,91c9aca36619-18809ea8
churn_alloc,shared,bucketlock,48,batch,2,24.3426,2885632,OK,91c9aca36619-18809ea8
churn_alloc,shared,bucketlock,48,batch_rseq,2,24.095,2844376,OK,91c9aca36619-18809ea8
churn_alloc,shared,bucketlock,48,base,2,24.4783,2913860,OK,91c9aca36619-18809ea8
churn_alloc,shared,bucketlock,48,rseq,2,24.4076,2897620,OK,91c9aca36619-18809ea8
churn_alloc,shared,bucketlock,48,batch_rseq,3,24.2765,2881260,OK,91c9aca36619-18809ea8
churn_alloc,shared,bucketlock,48,base,3,24.1916,2868816,OK,91c9aca36619-18809ea8
churn_alloc,shared,bucketlock,48,rseq,3,24.4793,2911972,OK,91c9aca36619-18809ea8
churn_alloc,shared,bucketlock,48,batch,3,24.4246,2926168,OK,91c9aca36619-18809ea8
churn_alloc,shared,bucketlock,48,base,4,24.4447,2912804,OK,91c9aca36619-18809ea8
churn_alloc,shared,bucketlock,48,rseq,4,24.4226,2907872,OK,91c9aca36619-18809ea8
churn_alloc,shared,bucketlock,48,batch,4,24.1251,2856532,OK,91c9aca36619-18809ea8
churn_alloc,shared,bucketlock,48,batch_rseq,4,24.1093,2848448,OK,91c9aca36619-18809ea8
churn_alloc,shared,bucketlock,48,rseq,5,24.1357,2854600,OK,91c9aca36619-18809ea8
churn_alloc,shared,bucketlock,48,batch,5,24.123,2866764,OK,91c9aca36619-18809ea8
churn_alloc,shared,bucketlock,48,batch_rseq,5,24.0632,2842344,OK,91c9aca36619-18809ea8
churn_alloc,shared,bucketlock,48,base,5,24.4849,2907748,OK,91c9aca36619-18809ea8
churn_alloc,shared,bucketlock,48,batch,6,24.4382,2899536,OK,91c9aca36619-18809ea8
churn_alloc,shared,bucketlock,48,batch_rseq,6,24.4408,2899672,OK,91c9aca36619-18809ea8
churn_alloc,shared,bucketlock,48,base,6,24.1163,2856496,OK,91c9aca36619-18809ea8
churn_alloc,shared,bucketlock,48,rseq,6,24.1629,2879196,OK,91c9aca36619-18809ea8
churn_alloc,shared,bucketlock,48,batch_rseq,7,24.113,2848476,OK,91c9aca36619-18809ea8
churn_alloc,shared,bucketlock,48,base,7,24.1573,2863096,OK,91c9aca36619-18809ea8
churn_alloc,shared,bucketlock,48,rseq,7,24.1369,2854620,OK,91c9aca36619-18809ea8
churn_alloc,shared,bucketlock,48,batch,7,24.1464,2852412,OK,91c9aca36619-18809ea8
churn_inpl,copin,seqlock,4,rseq,1,29.3761,32092,OK,91c9aca36619-18809ea8
churn_inpl,copin,seqlock,4,batch,1,29.2051,32108,OK,91c9aca36619-18809ea8
churn_inpl,copin,seqlock,4,batch_rseq,1,29.2049,36204,OK,91c9aca36619-18809ea8
churn_inpl,copin,seqlock,4,base,1,29.2672,32104,OK,91c9aca36619-18809ea8
churn_inpl,copin,seqlock,4,batch,2,29.2903,32120,OK,91c9aca36619-18809ea8
churn_inpl,copin,seqlock,4,batch_rseq,2,29.3377,32096,OK,91c9aca36619-18809ea8
churn_inpl,copin,seqlock,4,base,2,28.9662,32120,OK,91c9aca36619-18809ea8
churn_inpl,copin,seqlock,4,rseq,2,29.3135,32120,OK,91c9aca36619-18809ea8
churn_inpl,copin,seqlock,4,batch_rseq,3,29.324,32128,OK,91c9aca36619-18809ea8
churn_inpl,copin,seqlock,4,base,3,29.247,32112,OK,91c9aca36619-18809ea8
churn_inpl,copin,seqlock,4,rseq,3,29.228,32104,OK,91c9aca36619-18809ea8
churn_inpl,copin,seqlock,4,batch,3,29.1145,32116,OK,91c9aca36619-18809ea8
churn_inpl,copin,seqlock,4,base,4,29.0119,32100,OK,91c9aca36619-18809ea8
churn_inpl,copin,seqlock,4,rseq,4,29.3129,32104,OK,91c9aca36619-18809ea8
churn_inpl,copin,seqlock,4,batch,4,29.3126,32100,OK,91c9aca36619-18809ea8
churn_inpl,copin,seqlock,4,batch_rseq,4,29.2054,32100,OK,91c9aca36619-18809ea8
churn_inpl,copin,seqlock,4,rseq,5,29.3924,32128,OK,91c9aca36619-18809ea8
churn_inpl,copin,seqlock,4,batch,5,29.2063,32124,OK,91c9aca36619-18809ea8
churn_inpl,copin,seqlock,4,batch_rseq,5,29.3118,32104,OK,91c9aca36619-18809ea8
churn_inpl,copin,seqlock,4,base,5,29.1645,32120,OK,91c9aca36619-18809ea8
churn_inpl,copin,seqlock,4,batch,6,29.2318,32124,OK,91c9aca36619-18809ea8
churn_inpl,copin,seqlock,4,batch_rseq,6,29.2576,32092,OK,91c9aca36619-18809ea8
churn_inpl,copin,seqlock,4,base,6,29.2376,32096,OK,91c9aca36619-18809ea8
churn_inpl,copin,seqlock,4,rseq,6,29.2925,32080,OK,91c9aca36619-18809ea8
churn_inpl,copin,seqlock,4,batch_rseq,7,29.2771,32108,OK,91c9aca36619-18809ea8
churn_inpl,copin,seqlock,4,base,7,29.2348,32120,OK,91c9aca36619-18809ea8
churn_inpl,copin,seqlock,4,rseq,7,29.2974,32100,OK,91c9aca36619-18809ea8
churn_inpl,copin,seqlock,4,batch,7,29.1705,32096,OK,91c9aca36619-18809ea8
churn_inpl,copin,txn-global,4,rseq,1,37.2485,36224,OK,91c9aca36619-18809ea8
churn_inpl,copin,txn-global,4,batch,1,37.2615,36228,OK,91c9aca36619-18809ea8
churn_inpl,copin,txn-global,4,batch_rseq,1,37.1758,36200,OK,91c9aca36619-18809ea8
churn_inpl,copin,txn-global,4,base,1,37.1228,36212,OK,91c9aca36619-18809ea8
churn_inpl,copin,txn-global,4,batch,2,37.2169,36212,OK,91c9aca36619-18809ea8
churn_inpl,copin,txn-global,4,batch_rseq,2,37.2489,36200,OK,91c9aca36619-18809ea8
churn_inpl,copin,txn-global,4,base,2,37.1758,36236,OK,91c9aca36619-18809ea8
churn_inpl,copin,txn-global,4,rseq,2,37.1295,36224,OK,91c9aca36619-18809ea8
churn_inpl,copin,txn-global,4,batch_rseq,3,37.11,36236,OK,91c9aca36619-18809ea8
churn_inpl,copin,txn-global,4,base,3,36.7062,36212,OK,91c9aca36619-18809ea8
churn_inpl,copin,txn-global,4,rseq,3,37.2959,36224,OK,91c9aca36619-18809ea8
churn_inpl,copin,txn-global,4,batch,3,37.0941,36240,OK,91c9aca36619-18809ea8
churn_inpl,copin,txn-global,4,base,4,37.2513,36232,OK,91c9aca36619-18809ea8
churn_inpl,copin,txn-global,4,rseq,4,37.2565,36212,OK,91c9aca36619-18809ea8
churn_inpl,copin,txn-global,4,batch,4,37.0916,36216,OK,91c9aca36619-18809ea8
churn_inpl,copin,txn-global,4,batch_rseq,4,37.229,36204,OK,91c9aca36619-18809ea8
churn_inpl,copin,txn-global,4,rseq,5,37.2249,36232,OK,91c9aca36619-18809ea8
churn_inpl,copin,txn-global,4,batch,5,37.2695,32092,OK,91c9aca36619-18809ea8
churn_inpl,copin,txn-global,4,batch_rseq,5,37.1554,36212,OK,91c9aca36619-18809ea8
churn_inpl,copin,txn-global,4,base,5,37.1852,36216,OK,91c9aca36619-18809ea8
churn_inpl,copin,txn-global,4,batch,6,37.2514,36216,OK,91c9aca36619-18809ea8
churn_inpl,copin,txn-global,4,batch_rseq,6,37.2316,36216,OK,91c9aca36619-18809ea8
churn_inpl,copin,txn-global,4,base,6,37.2915,36220,OK,91c9aca36619-18809ea8
churn_inpl,copin,txn-global,4,rseq,6,37.2371,36236,OK,91c9aca36619-18809ea8
churn_inpl,copin,txn-global,4,batch_rseq,7,37.2636,36232,OK,91c9aca36619-18809ea8
churn_inpl,copin,txn-global,4,base,7,37.1219,36156,OK,91c9aca36619-18809ea8
churn_inpl,copin,txn-global,4,rseq,7,37.3063,36244,OK,91c9aca36619-18809ea8
churn_inpl,copin,txn-global,4,batch,7,37.2595,36236,OK,91c9aca36619-18809ea8
churn_inpl,copin,txn-mark,4,rseq,1,30.3723,36208,OK,91c9aca36619-18809ea8
churn_inpl,copin,txn-mark,4,batch,1,29.0563,36216,OK,91c9aca36619-18809ea8
churn_inpl,copin,txn-mark,4,batch_rseq,1,30.3535,36236,OK,91c9aca36619-18809ea8
churn_inpl,copin,txn-mark,4,base,1,29.0352,36220,OK,91c9aca36619-18809ea8
churn_inpl,copin,txn-mark,4,batch,2,29.065,36204,OK,91c9aca36619-18809ea8
churn_inpl,copin,txn-mark,4,batch_rseq,2,30.2921,36252,OK,91c9aca36619-18809ea8
churn_inpl,copin,txn-mark,4,base,2,29.1486,36212,OK,91c9aca36619-18809ea8
churn_inpl,copin,txn-mark,4,rseq,2,29.8805,36224,OK,91c9aca36619-18809ea8
churn_inpl,copin,txn-mark,4,batch_rseq,3,30.1872,36232,OK,91c9aca36619-18809ea8
churn_inpl,copin,txn-mark,4,base,3,29.1629,36200,OK,91c9aca36619-18809ea8
churn_inpl,copin,txn-mark,4,rseq,3,30.264,36188,OK,91c9aca36619-18809ea8
churn_inpl,copin,txn-mark,4,batch,3,28.3172,36228,OK,91c9aca36619-18809ea8
churn_inpl,copin,txn-mark,4,base,4,29.1651,36216,OK,91c9aca36619-18809ea8
churn_inpl,copin,txn-mark,4,rseq,4,30.1402,36216,OK,91c9aca36619-18809ea8
churn_inpl,copin,txn-mark,4,batch,4,29.0276,36216,OK,91c9aca36619-18809ea8
churn_inpl,copin,txn-mark,4,batch_rseq,4,30.2559,36184,OK,91c9aca36619-18809ea8
churn_inpl,copin,txn-mark,4,rseq,5,30.3347,36216,OK,91c9aca36619-18809ea8
churn_inpl,copin,txn-mark,4,batch,5,29.0269,36196,OK,91c9aca36619-18809ea8
churn_inpl,copin,txn-mark,4,batch_rseq,5,30.3212,36208,OK,91c9aca36619-18809ea8
churn_inpl,copin,txn-mark,4,base,5,29.1434,36212,OK,91c9aca36619-18809ea8
churn_inpl,copin,txn-mark,4,batch,6,29.0698,28720,OK,91c9aca36619-18809ea8
churn_inpl,copin,txn-mark,4,batch_rseq,6,30.2514,36232,OK,91c9aca36619-18809ea8
churn_inpl,copin,txn-mark,4,base,6,28.7216,36204,OK,91c9aca36619-18809ea8
churn_inpl,copin,txn-mark,4,rseq,6,30.117,36204,OK,91c9aca36619-18809ea8
churn_inpl,copin,txn-mark,4,batch_rseq,7,29.6491,36336,OK,91c9aca36619-18809ea8
churn_inpl,copin,txn-mark,4,base,7,28.7065,36208,OK,91c9aca36619-18809ea8
churn_inpl,copin,txn-mark,4,rseq,7,30.3272,36188,OK,91c9aca36619-18809ea8
churn_inpl,copin,txn-mark,4,batch,7,29.0387,36188,OK,91c9aca36619-18809ea8
churn_inpl,copin,bucketlock,4,rseq,1,35.458,36216,OK,91c9aca36619-18809ea8
churn_inpl,copin,bucketlock,4,batch,1,35.6168,36228,OK,91c9aca36619-18809ea8
churn_inpl,copin,bucketlock,4,batch_rseq,1,34.9265,36216,OK,91c9aca36619-18809ea8
churn_inpl,copin,bucketlock,4,base,1,35.5572,36220,OK,91c9aca36619-18809ea8
churn_inpl,copin,bucketlock,4,batch,2,35.1146,36228,OK,91c9aca36619-18809ea8
churn_inpl,copin,bucketlock,4,batch_rseq,2,34.7341,36224,OK,91c9aca36619-18809ea8
churn_inpl,copin,bucketlock,4,base,2,35.627,36188,OK,91c9aca36619-18809ea8
churn_inpl,copin,bucketlock,4,rseq,2,35.4654,36220,OK,91c9aca36619-18809ea8
churn_inpl,copin,bucketlock,4,batch_rseq,3,34.8932,36220,OK,91c9aca36619-18809ea8
churn_inpl,copin,bucketlock,4,base,3,35.6445,36212,OK,91c9aca36619-18809ea8
churn_inpl,copin,bucketlock,4,rseq,3,35.4803,36232,OK,91c9aca36619-18809ea8
churn_inpl,copin,bucketlock,4,batch,3,35.4532,36220,OK,91c9aca36619-18809ea8
churn_inpl,copin,bucketlock,4,base,4,35.5444,36228,OK,91c9aca36619-18809ea8
churn_inpl,copin,bucketlock,4,rseq,4,35.3367,36204,OK,91c9aca36619-18809ea8
churn_inpl,copin,bucketlock,4,batch,4,35.5145,36196,OK,91c9aca36619-18809ea8
churn_inpl,copin,bucketlock,4,batch_rseq,4,34.9166,36184,OK,91c9aca36619-18809ea8
churn_inpl,copin,bucketlock,4,rseq,5,35.4303,36216,OK,91c9aca36619-18809ea8
churn_inpl,copin,bucketlock,4,batch,5,35.4148,36228,OK,91c9aca36619-18809ea8
churn_inpl,copin,bucketlock,4,batch_rseq,5,34.9847,36216,OK,91c9aca36619-18809ea8
churn_inpl,copin,bucketlock,4,base,5,35.6057,36212,OK,91c9aca36619-18809ea8
churn_inpl,copin,bucketlock,4,batch,6,35.2876,36220,OK,91c9aca36619-18809ea8
churn_inpl,copin,bucketlock,4,batch_rseq,6,34.9821,36184,OK,91c9aca36619-18809ea8
churn_inpl,copin,bucketlock,4,base,6,35.4781,36200,OK,91c9aca36619-18809ea8
churn_inpl,copin,bucketlock,4,rseq,6,35.4656,36232,OK,91c9aca36619-18809ea8
churn_inpl,copin,bucketlock,4,batch_rseq,7,35.002,36232,OK,91c9aca36619-18809ea8
churn_inpl,copin,bucketlock,4,base,7,35.5787,36212,OK,91c9aca36619-18809ea8
churn_inpl,copin,bucketlock,4,rseq,7,35.1982,36236,OK,91c9aca36619-18809ea8
churn_inpl,copin,bucketlock,4,batch,7,35.4679,36204,OK,91c9aca36619-18809ea8
churn_inpl,copin,seqlock,48,rseq,1,279.427,212704,OK,91c9aca36619-18809ea8
churn_inpl,copin,seqlock,48,batch,1,277.709,212696,OK,91c9aca36619-18809ea8
churn_inpl,copin,seqlock,48,batch_rseq,1,275.912,212696,OK,91c9aca36619-18809ea8
churn_inpl,copin,seqlock,48,base,1,276.708,212700,OK,91c9aca36619-18809ea8
churn_inpl,copin,seqlock,48,batch,2,277.285,216784,OK,91c9aca36619-18809ea8
churn_inpl,copin,seqlock,48,batch_rseq,2,277.249,216780,OK,91c9aca36619-18809ea8
churn_inpl,copin,seqlock,48,base,2,276.55,216824,OK,91c9aca36619-18809ea8
churn_inpl,copin,seqlock,48,rseq,2,275.224,212680,OK,91c9aca36619-18809ea8
churn_inpl,copin,seqlock,48,batch_rseq,3,277.465,212716,OK,91c9aca36619-18809ea8
churn_inpl,copin,seqlock,48,base,3,278.453,216788,OK,91c9aca36619-18809ea8
churn_inpl,copin,seqlock,48,rseq,3,279.257,216816,OK,91c9aca36619-18809ea8
churn_inpl,copin,seqlock,48,batch,3,277.5,212696,OK,91c9aca36619-18809ea8
churn_inpl,copin,seqlock,48,base,4,276.964,212708,OK,91c9aca36619-18809ea8
churn_inpl,copin,seqlock,48,rseq,4,279.416,212688,OK,91c9aca36619-18809ea8
churn_inpl,copin,seqlock,48,batch,4,274.298,212708,OK,91c9aca36619-18809ea8
churn_inpl,copin,seqlock,48,batch_rseq,4,278.633,212688,OK,91c9aca36619-18809ea8
churn_inpl,copin,seqlock,48,rseq,5,277.249,216772,OK,91c9aca36619-18809ea8
churn_inpl,copin,seqlock,48,batch,5,277.571,216796,OK,91c9aca36619-18809ea8
churn_inpl,copin,seqlock,48,batch_rseq,5,278.605,216800,OK,91c9aca36619-18809ea8
churn_inpl,copin,seqlock,48,base,5,277.602,213104,OK,91c9aca36619-18809ea8
churn_inpl,copin,seqlock,48,batch,6,278.83,216808,OK,91c9aca36619-18809ea8
churn_inpl,copin,seqlock,48,batch_rseq,6,279.435,212696,OK,91c9aca36619-18809ea8
churn_inpl,copin,seqlock,48,base,6,275.013,212712,OK,91c9aca36619-18809ea8
churn_inpl,copin,seqlock,48,rseq,6,277.357,216776,OK,91c9aca36619-18809ea8
churn_inpl,copin,seqlock,48,batch_rseq,7,279.494,212676,OK,91c9aca36619-18809ea8
churn_inpl,copin,seqlock,48,base,7,277.145,212708,OK,91c9aca36619-18809ea8
churn_inpl,copin,seqlock,48,rseq,7,277.677,216788,OK,91c9aca36619-18809ea8
churn_inpl,copin,seqlock,48,batch,7,278.148,213116,OK,91c9aca36619-18809ea8
churn_inpl,copin,txn-global,48,rseq,1,506.774,217184,OK,91c9aca36619-18809ea8
churn_inpl,copin,txn-global,48,batch,1,495.049,217160,OK,91c9aca36619-18809ea8
churn_inpl,copin,txn-global,48,batch_rseq,1,499.132,217204,OK,91c9aca36619-18809ea8
churn_inpl,copin,txn-global,48,base,1,505.776,217152,OK,91c9aca36619-18809ea8
churn_inpl,copin,txn-global,48,batch,2,492.836,217212,OK,91c9aca36619-18809ea8
churn_inpl,copin,txn-global,48,batch_rseq,2,495.731,217172,OK,91c9aca36619-18809ea8
churn_inpl,copin,txn-global,48,base,2,513.007,217208,OK,91c9aca36619-18809ea8
churn_inpl,copin,txn-global,48,rseq,2,506.076,216128,OK,91c9aca36619-18809ea8
churn_inpl,copin,txn-global,48,batch_rseq,3,496.82,217192,OK,91c9aca36619-18809ea8
churn_inpl,copin,txn-global,48,base,3,501.994,217192,OK,91c9aca36619-18809ea8
churn_inpl,copin,txn-global,48,rseq,3,507.839,217184,OK,91c9aca36619-18809ea8
churn_inpl,copin,txn-global,48,batch,3,497.769,217196,OK,91c9aca36619-18809ea8
churn_inpl,copin,txn-global,48,base,4,503.969,217192,OK,91c9aca36619-18809ea8
churn_inpl,copin,txn-global,48,rseq,4,503.303,217172,OK,91c9aca36619-18809ea8
churn_inpl,copin,txn-global,48,batch,4,500.059,217180,OK,91c9aca36619-18809ea8
churn_inpl,copin,txn-global,48,batch_rseq,4,497.808,216328,OK,91c9aca36619-18809ea8
churn_inpl,copin,txn-global,48,rseq,5,505.723,216308,OK,91c9aca36619-18809ea8
churn_inpl,copin,txn-global,48,batch,5,497.795,217192,OK,91c9aca36619-18809ea8
churn_inpl,copin,txn-global,48,batch_rseq,5,502.342,217156,OK,91c9aca36619-18809ea8
churn_inpl,copin,txn-global,48,base,5,501.978,217212,OK,91c9aca36619-18809ea8
churn_inpl,copin,txn-global,48,batch,6,495.802,217172,OK,91c9aca36619-18809ea8
churn_inpl,copin,txn-global,48,batch_rseq,6,496.656,217176,OK,91c9aca36619-18809ea8
churn_inpl,copin,txn-global,48,base,6,501.962,217192,OK,91c9aca36619-18809ea8
churn_inpl,copin,txn-global,48,rseq,6,503.267,217180,OK,91c9aca36619-18809ea8
churn_inpl,copin,txn-global,48,batch_rseq,7,500.003,217204,OK,91c9aca36619-18809ea8
churn_inpl,copin,txn-global,48,base,7,502.845,217168,OK,91c9aca36619-18809ea8
churn_inpl,copin,txn-global,48,rseq,7,503.651,217208,OK,91c9aca36619-18809ea8
churn_inpl,copin,txn-global,48,batch,7,500.82,217200,OK,91c9aca36619-18809ea8
churn_inpl,copin,txn-mark,48,rseq,1,390.967,216620,OK,91c9aca36619-18809ea8
churn_inpl,copin,txn-mark,48,batch,1,372.688,217192,OK,91c9aca36619-18809ea8
churn_inpl,copin,txn-mark,48,batch_rseq,1,388.472,217184,OK,91c9aca36619-18809ea8
churn_inpl,copin,txn-mark,48,base,1,374.079,217196,OK,91c9aca36619-18809ea8
churn_inpl,copin,txn-mark,48,batch,2,372.308,217212,OK,91c9aca36619-18809ea8
churn_inpl,copin,txn-mark,48,batch_rseq,2,391.57,217180,OK,91c9aca36619-18809ea8
churn_inpl,copin,txn-mark,48,base,2,373.077,217180,OK,91c9aca36619-18809ea8
churn_inpl,copin,txn-mark,48,rseq,2,392.148,217196,OK,91c9aca36619-18809ea8
churn_inpl,copin,txn-mark,48,batch_rseq,3,390.292,217180,OK,91c9aca36619-18809ea8
churn_inpl,copin,txn-mark,48,base,3,373.367,217156,OK,91c9aca36619-18809ea8
churn_inpl,copin,txn-mark,48,rseq,3,391.309,217176,OK,91c9aca36619-18809ea8
churn_inpl,copin,txn-mark,48,batch,3,371.383,216636,OK,91c9aca36619-18809ea8
churn_inpl,copin,txn-mark,48,base,4,372.715,216636,OK,91c9aca36619-18809ea8
churn_inpl,copin,txn-mark,48,rseq,4,390.523,217180,OK,91c9aca36619-18809ea8
churn_inpl,copin,txn-mark,48,batch,4,368.585,216160,OK,91c9aca36619-18809ea8
churn_inpl,copin,txn-mark,48,batch_rseq,4,389.95,217184,OK,91c9aca36619-18809ea8
churn_inpl,copin,txn-mark,48,rseq,5,391.472,217160,OK,91c9aca36619-18809ea8
churn_inpl,copin,txn-mark,48,batch,5,372.969,217212,OK,91c9aca36619-18809ea8
churn_inpl,copin,txn-mark,48,batch_rseq,5,390.08,217208,OK,91c9aca36619-18809ea8
churn_inpl,copin,txn-mark,48,base,5,373.142,217188,OK,91c9aca36619-18809ea8
churn_inpl,copin,txn-mark,48,batch,6,372.471,217164,OK,91c9aca36619-18809ea8
churn_inpl,copin,txn-mark,48,batch_rseq,6,389.938,217188,OK,91c9aca36619-18809ea8
churn_inpl,copin,txn-mark,48,base,6,372.526,217208,OK,91c9aca36619-18809ea8
churn_inpl,copin,txn-mark,48,rseq,6,391.395,217156,OK,91c9aca36619-18809ea8
churn_inpl,copin,txn-mark,48,batch_rseq,7,386.655,217180,OK,91c9aca36619-18809ea8
churn_inpl,copin,txn-mark,48,base,7,372.958,217164,OK,91c9aca36619-18809ea8
churn_inpl,copin,txn-mark,48,rseq,7,391.885,217184,OK,91c9aca36619-18809ea8
churn_inpl,copin,txn-mark,48,batch,7,370.763,217192,OK,91c9aca36619-18809ea8
churn_inpl,copin,bucketlock,48,rseq,1,423.594,216716,OK,91c9aca36619-18809ea8
churn_inpl,copin,bucketlock,48,batch,1,459.481,216732,OK,91c9aca36619-18809ea8
churn_inpl,copin,bucketlock,48,batch_rseq,1,423.807,216688,OK,91c9aca36619-18809ea8
churn_inpl,copin,bucketlock,48,base,1,458.216,216716,OK,91c9aca36619-18809ea8
churn_inpl,copin,bucketlock,48,batch,2,458.187,216696,OK,91c9aca36619-18809ea8
churn_inpl,copin,bucketlock,48,batch_rseq,2,428.809,221376,OK,91c9aca36619-18809ea8
churn_inpl,copin,bucketlock,48,base,2,462.43,216704,OK,91c9aca36619-18809ea8
churn_inpl,copin,bucketlock,48,rseq,2,454.818,216720,OK,91c9aca36619-18809ea8
churn_inpl,copin,bucketlock,48,batch_rseq,3,425.985,216712,OK,91c9aca36619-18809ea8
churn_inpl,copin,bucketlock,48,base,3,458.673,213340,OK,91c9aca36619-18809ea8
churn_inpl,copin,bucketlock,48,rseq,3,449.208,216712,OK,91c9aca36619-18809ea8
churn_inpl,copin,bucketlock,48,batch,3,456.582,216712,OK,91c9aca36619-18809ea8
churn_inpl,copin,bucketlock,48,base,4,458.143,216684,OK,91c9aca36619-18809ea8
churn_inpl,copin,bucketlock,48,rseq,4,455.603,216736,OK,91c9aca36619-18809ea8
churn_inpl,copin,bucketlock,48,batch,4,455.058,221452,OK,91c9aca36619-18809ea8
churn_inpl,copin,bucketlock,48,batch_rseq,4,426.545,216684,OK,91c9aca36619-18809ea8
churn_inpl,copin,bucketlock,48,rseq,5,453.226,216720,OK,91c9aca36619-18809ea8
churn_inpl,copin,bucketlock,48,batch,5,458.422,216716,OK,91c9aca36619-18809ea8
churn_inpl,copin,bucketlock,48,batch_rseq,5,422.014,216692,OK,91c9aca36619-18809ea8
churn_inpl,copin,bucketlock,48,base,5,455.791,217384,OK,91c9aca36619-18809ea8
churn_inpl,copin,bucketlock,48,batch,6,456.604,216692,OK,91c9aca36619-18809ea8
churn_inpl,copin,bucketlock,48,batch_rseq,6,422.691,216712,OK,91c9aca36619-18809ea8
churn_inpl,copin,bucketlock,48,base,6,455.258,216700,OK,91c9aca36619-18809ea8
churn_inpl,copin,bucketlock,48,rseq,6,453.72,216712,OK,91c9aca36619-18809ea8
churn_inpl,copin,bucketlock,48,batch_rseq,7,426.626,216684,OK,91c9aca36619-18809ea8
churn_inpl,copin,bucketlock,48,base,7,450.36,217372,OK,91c9aca36619-18809ea8
churn_inpl,copin,bucketlock,48,rseq,7,453.886,216712,OK,91c9aca36619-18809ea8
churn_inpl,copin,bucketlock,48,batch,7,456.865,216732,OK,91c9aca36619-18809ea8
move_w,copin,seqlock,1,rseq,1,10.5254,19808,OK,91c9aca36619-18809ea8
move_w,copin,seqlock,1,batch,1,10.8958,19836,OK,91c9aca36619-18809ea8
move_w,copin,seqlock,1,batch_rseq,1,10.9422,19796,OK,91c9aca36619-18809ea8
move_w,copin,seqlock,1,base,1,10.9576,19836,OK,91c9aca36619-18809ea8
move_w,copin,seqlock,1,batch,2,10.746,19808,OK,91c9aca36619-18809ea8
move_w,copin,seqlock,1,batch_rseq,2,10.9803,19812,OK,91c9aca36619-18809ea8
move_w,copin,seqlock,1,base,2,10.8792,19816,OK,91c9aca36619-18809ea8
move_w,copin,seqlock,1,rseq,2,10.5288,19796,OK,91c9aca36619-18809ea8
move_w,copin,seqlock,1,batch_rseq,3,10.8715,19812,OK,91c9aca36619-18809ea8
move_w,copin,seqlock,1,base,3,10.9357,16716,OK,91c9aca36619-18809ea8
move_w,copin,seqlock,1,rseq,3,10.2043,19788,OK,91c9aca36619-18809ea8
move_w,copin,seqlock,1,batch,3,10.8915,19832,OK,91c9aca36619-18809ea8
move_w,copin,seqlock,1,base,4,10.6181,19808,OK,91c9aca36619-18809ea8
move_w,copin,seqlock,1,rseq,4,10.5206,19820,OK,91c9aca36619-18809ea8
move_w,copin,seqlock,1,batch,4,10.9173,19800,OK,91c9aca36619-18809ea8
move_w,copin,seqlock,1,batch_rseq,4,10.9823,19788,OK,91c9aca36619-18809ea8
move_w,copin,seqlock,1,rseq,5,10.5261,19808,OK,91c9aca36619-18809ea8
move_w,copin,seqlock,1,batch,5,10.8565,19800,OK,91c9aca36619-18809ea8
move_w,copin,seqlock,1,batch_rseq,5,10.9246,19800,OK,91c9aca36619-18809ea8
move_w,copin,seqlock,1,base,5,10.8923,19804,OK,91c9aca36619-18809ea8
move_w,copin,seqlock,1,batch,6,10.876,19796,OK,91c9aca36619-18809ea8
move_w,copin,seqlock,1,batch_rseq,6,10.9751,19820,OK,91c9aca36619-18809ea8
move_w,copin,seqlock,1,base,6,10.8894,19792,OK,91c9aca36619-18809ea8
move_w,copin,seqlock,1,rseq,6,10.5371,19788,OK,91c9aca36619-18809ea8
move_w,copin,seqlock,1,batch_rseq,7,10.9292,19792,OK,91c9aca36619-18809ea8
move_w,copin,seqlock,1,base,7,10.9243,19792,OK,91c9aca36619-18809ea8
move_w,copin,seqlock,1,rseq,7,10.5361,19828,OK,91c9aca36619-18809ea8
move_w,copin,seqlock,1,batch,7,10.0449,19800,OK,91c9aca36619-18809ea8
move_w,copin,txn-global,1,rseq,1,1.90272,56988,OK,91c9aca36619-18809ea8
move_w,copin,txn-global,1,batch,1,1.75968,71380,OK,91c9aca36619-18809ea8
move_w,copin,txn-global,1,batch_rseq,1,1.84057,71564,OK,91c9aca36619-18809ea8
move_w,copin,txn-global,1,base,1,1.853,55512,OK,91c9aca36619-18809ea8
move_w,copin,txn-global,1,batch,2,1.77742,71592,OK,91c9aca36619-18809ea8
move_w,copin,txn-global,1,batch_rseq,2,1.83733,71596,OK,91c9aca36619-18809ea8
move_w,copin,txn-global,1,base,2,1.86164,54892,OK,91c9aca36619-18809ea8
move_w,copin,txn-global,1,rseq,2,1.91857,54836,OK,91c9aca36619-18809ea8
move_w,copin,txn-global,1,batch_rseq,3,1.83381,71548,OK,91c9aca36619-18809ea8
move_w,copin,txn-global,1,base,3,1.836,55912,OK,91c9aca36619-18809ea8
move_w,copin,txn-global,1,rseq,3,1.91246,58048,OK,91c9aca36619-18809ea8
move_w,copin,txn-global,1,batch,3,1.69979,66920,OK,91c9aca36619-18809ea8
move_w,copin,txn-global,1,base,4,1.85173,57100,OK,91c9aca36619-18809ea8
move_w,copin,txn-global,1,rseq,4,1.90526,59184,OK,91c9aca36619-18809ea8
move_w,copin,txn-global,1,batch,4,1.76692,71592,OK,91c9aca36619-18809ea8
move_w,copin,txn-global,1,batch_rseq,4,1.82898,71584,OK,91c9aca36619-18809ea8
move_w,copin,txn-global,1,rseq,5,1.91232,59120,OK,91c9aca36619-18809ea8
move_w,copin,txn-global,1,batch,5,1.75845,71596,OK,91c9aca36619-18809ea8
move_w,copin,txn-global,1,batch_rseq,5,1.83329,71568,OK,91c9aca36619-18809ea8
move_w,copin,txn-global,1,base,5,1.84524,54812,OK,91c9aca36619-18809ea8
move_w,copin,txn-global,1,batch,6,1.76688,72124,OK,91c9aca36619-18809ea8
move_w,copin,txn-global,1,batch_rseq,6,1.83814,71592,OK,91c9aca36619-18809ea8
move_w,copin,txn-global,1,base,6,1.85612,57208,OK,91c9aca36619-18809ea8
move_w,copin,txn-global,1,rseq,6,1.9271,54620,OK,91c9aca36619-18809ea8
move_w,copin,txn-global,1,batch_rseq,7,1.83624,71588,OK,91c9aca36619-18809ea8
move_w,copin,txn-global,1,base,7,1.86199,54492,OK,91c9aca36619-18809ea8
move_w,copin,txn-global,1,rseq,7,1.92225,54716,OK,91c9aca36619-18809ea8
move_w,copin,txn-global,1,batch,7,1.76928,71612,OK,91c9aca36619-18809ea8
move_w,copin,txn-mark,1,rseq,1,2.31373,65984,OK,91c9aca36619-18809ea8
move_w,copin,txn-mark,1,batch,1,2.11279,81024,OK,91c9aca36619-18809ea8
move_w,copin,txn-mark,1,batch_rseq,1,2.24309,80784,OK,91c9aca36619-18809ea8
move_w,copin,txn-mark,1,base,1,2.16534,63456,OK,91c9aca36619-18809ea8
move_w,copin,txn-mark,1,batch,2,2.1146,81020,OK,91c9aca36619-18809ea8
move_w,copin,txn-mark,1,batch_rseq,2,2.18801,87488,OK,91c9aca36619-18809ea8
move_w,copin,txn-mark,1,base,2,2.17043,63932,OK,91c9aca36619-18809ea8
move_w,copin,txn-mark,1,rseq,2,2.30294,65924,OK,91c9aca36619-18809ea8
move_w,copin,txn-mark,1,batch_rseq,3,2.25073,87152,OK,91c9aca36619-18809ea8
move_w,copin,txn-mark,1,base,3,2.15985,62676,OK,91c9aca36619-18809ea8
move_w,copin,txn-mark,1,rseq,3,2.29048,71988,OK,91c9aca36619-18809ea8
move_w,copin,txn-mark,1,batch,3,2.09802,81044,OK,91c9aca36619-18809ea8
move_w,copin,txn-mark,1,base,4,2.16842,63464,OK,91c9aca36619-18809ea8
move_w,copin,txn-mark,1,rseq,4,2.30785,65996,OK,91c9aca36619-18809ea8
move_w,copin,txn-mark,1,batch,4,2.09995,80996,OK,91c9aca36619-18809ea8
move_w,copin,txn-mark,1,batch_rseq,4,2.24725,84096,OK,91c9aca36619-18809ea8
move_w,copin,txn-mark,1,rseq,5,2.29322,68948,OK,91c9aca36619-18809ea8
move_w,copin,txn-mark,1,batch,5,2.10755,84420,OK,91c9aca36619-18809ea8
move_w,copin,txn-mark,1,batch_rseq,5,2.24779,84104,OK,91c9aca36619-18809ea8
move_w,copin,txn-mark,1,base,5,2.13222,63376,OK,91c9aca36619-18809ea8
move_w,copin,txn-mark,1,batch,6,2.03817,81008,OK,91c9aca36619-18809ea8
move_w,copin,txn-mark,1,batch_rseq,6,2.25336,87176,OK,91c9aca36619-18809ea8
move_w,copin,txn-mark,1,base,6,2.17323,62696,OK,91c9aca36619-18809ea8
move_w,copin,txn-mark,1,rseq,6,2.3042,63864,OK,91c9aca36619-18809ea8
move_w,copin,txn-mark,1,batch_rseq,7,2.24551,84080,OK,91c9aca36619-18809ea8
move_w,copin,txn-mark,1,base,7,2.16181,62684,OK,91c9aca36619-18809ea8
move_w,copin,txn-mark,1,rseq,7,2.31852,62900,OK,91c9aca36619-18809ea8
move_w,copin,txn-mark,1,batch,7,2.09362,81048,OK,91c9aca36619-18809ea8
move_w,copin,bucketlock,1,rseq,1,2.89595,79136,OK,91c9aca36619-18809ea8
move_w,copin,bucketlock,1,batch,1,2.63562,99208,OK,91c9aca36619-18809ea8
move_w,copin,bucketlock,1,batch_rseq,1,2.7981,108672,OK,91c9aca36619-18809ea8
move_w,copin,bucketlock,1,base,1,2.66758,73756,OK,91c9aca36619-18809ea8
move_w,copin,bucketlock,1,batch,2,2.62737,95208,OK,91c9aca36619-18809ea8
move_w,copin,bucketlock,1,batch_rseq,2,2.79969,104396,OK,91c9aca36619-18809ea8
move_w,copin,bucketlock,1,base,2,2.67281,72748,OK,91c9aca36619-18809ea8
move_w,copin,bucketlock,1,rseq,2,2.9053,76460,OK,91c9aca36619-18809ea8
move_w,copin,bucketlock,1,batch_rseq,3,2.79943,108332,OK,91c9aca36619-18809ea8
move_w,copin,bucketlock,1,base,3,2.62235,73420,OK,91c9aca36619-18809ea8
move_w,copin,bucketlock,1,rseq,3,2.88004,79208,OK,91c9aca36619-18809ea8
move_w,copin,bucketlock,1,batch,3,2.64005,98268,OK,91c9aca36619-18809ea8
move_w,copin,bucketlock,1,base,4,2.66326,73500,OK,91c9aca36619-18809ea8
move_w,copin,bucketlock,1,rseq,4,2.85879,77116,OK,91c9aca36619-18809ea8
move_w,copin,bucketlock,1,batch,4,2.58809,95172,OK,91c9aca36619-18809ea8
move_w,copin,bucketlock,1,batch_rseq,4,2.79377,109260,OK,91c9aca36619-18809ea8
move_w,copin,bucketlock,1,rseq,5,2.87988,80956,OK,91c9aca36619-18809ea8
move_w,copin,bucketlock,1,batch,5,2.62786,95192,OK,91c9aca36619-18809ea8
move_w,copin,bucketlock,1,batch_rseq,5,2.82976,109240,OK,91c9aca36619-18809ea8
move_w,copin,bucketlock,1,base,5,2.66377,73076,OK,91c9aca36619-18809ea8
move_w,copin,bucketlock,1,batch,6,2.63317,95200,OK,91c9aca36619-18809ea8
move_w,copin,bucketlock,1,batch_rseq,6,2.79904,109256,OK,91c9aca36619-18809ea8
move_w,copin,bucketlock,1,base,6,2.6622,74016,OK,91c9aca36619-18809ea8
move_w,copin,bucketlock,1,rseq,6,2.89912,80792,OK,91c9aca36619-18809ea8
move_w,copin,bucketlock,1,batch_rseq,7,2.76403,104408,OK,91c9aca36619-18809ea8
move_w,copin,bucketlock,1,base,7,2.67133,72088,OK,91c9aca36619-18809ea8
move_w,copin,bucketlock,1,rseq,7,2.88999,76680,OK,91c9aca36619-18809ea8
move_w,copin,bucketlock,1,batch,7,2.58341,95196,OK,91c9aca36619-18809ea8
move_w,copin,seqlock,8,rseq,1,3.08828,48500,OK,91c9aca36619-18809ea8
move_w,copin,seqlock,8,batch,1,3.09189,48540,OK,91c9aca36619-18809ea8
move_w,copin,seqlock,8,batch_rseq,1,3.06868,51600,OK,91c9aca36619-18809ea8
move_w,copin,seqlock,8,base,1,3.01945,48524,OK,91c9aca36619-18809ea8
move_w,copin,seqlock,8,batch,2,3.0269,48560,OK,91c9aca36619-18809ea8
move_w,copin,seqlock,8,batch_rseq,2,2.85918,48504,OK,91c9aca36619-18809ea8
move_w,copin,seqlock,8,base,2,3.0433,52652,OK,91c9aca36619-18809ea8
move_w,copin,seqlock,8,rseq,2,3.01483,52628,OK,91c9aca36619-18809ea8
move_w,copin,seqlock,8,batch_rseq,3,3.02545,48516,OK,91c9aca36619-18809ea8
move_w,copin,seqlock,8,base,3,3.03705,48604,OK,91c9aca36619-18809ea8
move_w,copin,seqlock,8,rseq,3,3.0004,60800,OK,91c9aca36619-18809ea8
move_w,copin,seqlock,8,batch,3,3.01173,48536,OK,91c9aca36619-18809ea8
move_w,copin,seqlock,8,base,4,3.01649,48536,OK,91c9aca36619-18809ea8
move_w,copin,seqlock,8,rseq,4,3.01896,52684,OK,91c9aca36619-18809ea8
move_w,copin,seqlock,8,batch,4,3.03221,48528,OK,91c9aca36619-18809ea8
move_w,copin,seqlock,8,batch_rseq,4,3.04334,48520,OK,91c9aca36619-18809ea8
move_w,copin,seqlock,8,rseq,5,2.98643,52620,OK,91c9aca36619-18809ea8
move_w,copin,seqlock,8,batch,5,3.03098,52668,OK,91c9aca36619-18809ea8
move_w,copin,seqlock,8,batch_rseq,5,3.04214,55684,OK,91c9aca36619-18809ea8
move_w,copin,seqlock,8,base,5,3.01977,48540,OK,91c9aca36619-18809ea8
move_w,copin,seqlock,8,batch,6,3.05169,48552,OK,91c9aca36619-18809ea8
move_w,copin,seqlock,8,batch_rseq,6,3.03501,48552,OK,91c9aca36619-18809ea8
move_w,copin,seqlock,8,base,6,3.02091,44424,OK,91c9aca36619-18809ea8
move_w,copin,seqlock,8,rseq,6,3.01241,48524,OK,91c9aca36619-18809ea8
move_w,copin,seqlock,8,batch_rseq,7,3.03686,45228,OK,91c9aca36619-18809ea8
move_w,copin,seqlock,8,base,7,3.02846,48532,OK,91c9aca36619-18809ea8
move_w,copin,seqlock,8,rseq,7,3.02156,48484,OK,91c9aca36619-18809ea8
move_w,copin,seqlock,8,batch,7,3.04948,60848,OK,91c9aca36619-18809ea8
move_w,copin,txn-global,8,rseq,1,1.86416,286048,OK,91c9aca36619-18809ea8
move_w,copin,txn-global,8,batch,1,1.81834,453724,OK,91c9aca36619-18809ea8
move_w,copin,txn-global,8,batch_rseq,1,1.82464,434660,OK,91c9aca36619-18809ea8
move_w,copin,txn-global,8,base,1,1.8486,292432,OK,91c9aca36619-18809ea8
move_w,copin,txn-global,8,batch,2,1.82802,437664,OK,91c9aca36619-18809ea8
move_w,copin,txn-global,8,batch_rseq,2,1.82552,420292,OK,91c9aca36619-18809ea8
move_w,copin,txn-global,8,base,2,1.85848,291272,OK,91c9aca36619-18809ea8
move_w,copin,txn-global,8,rseq,2,1.85957,280452,OK,91c9aca36619-18809ea8
move_w,copin,txn-global,8,batch_rseq,3,1.82297,413712,OK,91c9aca36619-18809ea8
move_w,copin,txn-global,8,base,3,1.85345,277468,OK,91c9aca36619-18809ea8
move_w,copin,txn-global,8,rseq,3,1.85392,280224,OK,91c9aca36619-18809ea8
move_w,copin,txn-global,8,batch,3,1.83072,440044,OK,91c9aca36619-18809ea8
move_w,copin,txn-global,8,base,4,1.85719,288236,OK,91c9aca36619-18809ea8
move_w,copin,txn-global,8,rseq,4,1.87408,278708,OK,91c9aca36619-18809ea8
move_w,copin,txn-global,8,batch,4,1.82087,452064,OK,91c9aca36619-18809ea8
move_w,copin,txn-global,8,batch_rseq,4,1.82043,436888,OK,91c9aca36619-18809ea8
move_w,copin,txn-global,8,rseq,5,1.85543,287580,OK,91c9aca36619-18809ea8
move_w,copin,txn-global,8,batch,5,1.82344,456240,OK,91c9aca36619-18809ea8
move_w,copin,txn-global,8,batch_rseq,5,1.81649,427440,OK,91c9aca36619-18809ea8
move_w,copin,txn-global,8,base,5,1.85986,290436,OK,91c9aca36619-18809ea8
move_w,copin,txn-global,8,batch,6,1.81939,439780,OK,91c9aca36619-18809ea8
move_w,copin,txn-global,8,batch_rseq,6,1.82141,424228,OK,91c9aca36619-18809ea8
move_w,copin,txn-global,8,base,6,1.85873,295908,OK,91c9aca36619-18809ea8
move_w,copin,txn-global,8,rseq,6,1.86142,293204,OK,91c9aca36619-18809ea8
move_w,copin,txn-global,8,batch_rseq,7,1.82343,427968,OK,91c9aca36619-18809ea8
move_w,copin,txn-global,8,base,7,1.85731,286632,OK,91c9aca36619-18809ea8
move_w,copin,txn-global,8,rseq,7,1.86883,284408,OK,91c9aca36619-18809ea8
move_w,copin,txn-global,8,batch,7,1.82054,441268,OK,91c9aca36619-18809ea8
move_w,copin,txn-mark,8,rseq,1,10.3594,522572,OK,91c9aca36619-18809ea8
move_w,copin,txn-mark,8,batch,1,10.9389,521808,OK,91c9aca36619-18809ea8
move_w,copin,txn-mark,8,batch_rseq,1,11.0344,541064,OK,91c9aca36619-18809ea8
move_w,copin,txn-mark,8,base,1,10.0147,471784,OK,91c9aca36619-18809ea8
move_w,copin,txn-mark,8,batch,2,10.9994,525484,OK,91c9aca36619-18809ea8
move_w,copin,txn-mark,8,batch_rseq,2,11.2512,550368,OK,91c9aca36619-18809ea8
move_w,copin,txn-mark,8,base,2,9.79995,469288,OK,91c9aca36619-18809ea8
move_w,copin,txn-mark,8,rseq,2,10.1005,478728,OK,91c9aca36619-18809ea8
move_w,copin,txn-mark,8,batch_rseq,3,11.0818,547624,OK,91c9aca36619-18809ea8
move_w,copin,txn-mark,8,base,3,9.72588,446972,OK,91c9aca36619-18809ea8
move_w,copin,txn-mark,8,rseq,3,10.395,453300,OK,91c9aca36619-18809ea8
move_w,copin,txn-mark,8,batch,3,10.8874,533316,OK,91c9aca36619-18809ea8
move_w,copin,txn-mark,8,base,4,9.82367,510052,OK,91c9aca36619-18809ea8
move_w,copin,txn-mark,8,rseq,4,10.2142,470556,OK,91c9aca36619-18809ea8
move_w,copin,txn-mark,8,batch,4,10.9167,536796,OK,91c9aca36619-18809ea8
move_w,copin,txn-mark,8,batch_rseq,4,11.1687,545144,OK,91c9aca36619-18809ea8
move_w,copin,txn-mark,8,rseq,5,10.2227,484056,OK,91c9aca36619-18809ea8
move_w,copin,txn-mark,8,batch,5,11.0018,534808,OK,91c9aca36619-18809ea8
move_w,copin,txn-mark,8,batch_rseq,5,11.1207,538672,OK,91c9aca36619-18809ea8
move_w,copin,txn-mark,8,base,5,9.78264,440180,OK,91c9aca36619-18809ea8
move_w,copin,txn-mark,8,batch,6,10.8862,534048,OK,91c9aca36619-18809ea8
move_w,copin,txn-mark,8,batch_rseq,6,11.1448,546544,OK,91c9aca36619-18809ea8
move_w,copin,txn-mark,8,base,6,10.0496,551884,OK,91c9aca36619-18809ea8
move_w,copin,txn-mark,8,rseq,6,10.2383,515808,OK,91c9aca36619-18809ea8
move_w,copin,txn-mark,8,batch_rseq,7,11.1776,543412,OK,91c9aca36619-18809ea8
move_w,copin,txn-mark,8,base,7,10.076,499668,OK,91c9aca36619-18809ea8
move_w,copin,txn-mark,8,rseq,7,10.3514,467548,OK,91c9aca36619-18809ea8
move_w,copin,txn-mark,8,batch,7,10.8482,543932,OK,91c9aca36619-18809ea8
move_w,copin,bucketlock,8,rseq,1,9.83988,364456,OK,91c9aca36619-18809ea8
move_w,copin,bucketlock,8,batch,1,10.7949,455784,OK,91c9aca36619-18809ea8
move_w,copin,bucketlock,8,batch_rseq,1,12.1879,538828,OK,91c9aca36619-18809ea8
move_w,copin,bucketlock,8,base,1,9.52015,338412,OK,91c9aca36619-18809ea8
move_w,copin,bucketlock,8,batch,2,11.618,482008,OK,91c9aca36619-18809ea8
move_w,copin,bucketlock,8,batch_rseq,2,12.0593,533248,OK,91c9aca36619-18809ea8
move_w,copin,bucketlock,8,base,2,9.7662,377032,OK,91c9aca36619-18809ea8
move_w,copin,bucketlock,8,rseq,2,10.3737,380956,OK,91c9aca36619-18809ea8
move_w,copin,bucketlock,8,batch_rseq,3,11.7694,518360,OK,91c9aca36619-18809ea8
move_w,copin,bucketlock,8,base,3,10.0759,398396,OK,91c9aca36619-18809ea8
move_w,copin,bucketlock,8,rseq,3,10.3367,380880,OK,91c9aca36619-18809ea8
move_w,copin,bucketlock,8,batch,3,10.4916,453700,OK,91c9aca36619-18809ea8
move_w,copin,bucketlock,8,base,4,9.49056,364132,OK,91c9aca36619-18809ea8
move_w,copin,bucketlock,8,rseq,4,10.1186,367420,OK,91c9aca36619-18809ea8
move_w,copin,bucketlock,8,batch,4,11.4584,494540,OK,91c9aca36619-18809ea8
move_w,copin,bucketlock,8,batch_rseq,4,11.4871,560160,OK,91c9aca36619-18809ea8
move_w,copin,bucketlock,8,rseq,5,10.5173,375336,OK,91c9aca36619-18809ea8
move_w,copin,bucketlock,8,batch,5,10.956,493144,OK,91c9aca36619-18809ea8
move_w,copin,bucketlock,8,batch_rseq,5,12.0653,512948,OK,91c9aca36619-18809ea8
move_w,copin,bucketlock,8,base,5,9.87347,353268,OK,91c9aca36619-18809ea8
move_w,copin,bucketlock,8,batch,6,11.5647,499944,OK,91c9aca36619-18809ea8
move_w,copin,bucketlock,8,batch_rseq,6,11.5558,553840,OK,91c9aca36619-18809ea8
move_w,copin,bucketlock,8,base,6,9.67438,354836,OK,91c9aca36619-18809ea8
move_w,copin,bucketlock,8,rseq,6,10.6121,426248,OK,91c9aca36619-18809ea8
move_w,copin,bucketlock,8,batch_rseq,7,11.7359,510152,OK,91c9aca36619-18809ea8
move_w,copin,bucketlock,8,base,7,9.7372,353924,OK,91c9aca36619-18809ea8
move_w,copin,bucketlock,8,rseq,7,10.2244,381752,OK,91c9aca36619-18809ea8
move_w,copin,bucketlock,8,batch,7,11.5801,500404,OK,91c9aca36619-18809ea8
move_w,copin,seqlock,48,rseq,1,0.777661,694648,OK,91c9aca36619-18809ea8
move_w,copin,seqlock,48,batch,1,0.762745,691224,OK,91c9aca36619-18809ea8
move_w,copin,seqlock,48,batch_rseq,1,0.763457,692520,OK,91c9aca36619-18809ea8
move_w,copin,seqlock,48,base,1,0.760065,685528,OK,91c9aca36619-18809ea8
move_w,copin,seqlock,48,batch,2,0.76934,689076,OK,91c9aca36619-18809ea8
move_w,copin,seqlock,48,batch_rseq,2,0.741767,678252,OK,91c9aca36619-18809ea8
move_w,copin,seqlock,48,base,2,0.739807,690620,OK,91c9aca36619-18809ea8
move_w,copin,seqlock,48,rseq,2,0.743107,686900,OK,91c9aca36619-18809ea8
move_w,copin,seqlock,48,batch_rseq,3,0.778035,689628,OK,91c9aca36619-18809ea8
move_w,copin,seqlock,48,base,3,0.754463,680720,OK,91c9aca36619-18809ea8
move_w,copin,seqlock,48,rseq,3,0.764869,685348,OK,91c9aca36619-18809ea8
move_w,copin,seqlock,48,batch,3,0.743724,690232,OK,91c9aca36619-18809ea8
move_w,copin,seqlock,48,base,4,0.732078,694252,OK,91c9aca36619-18809ea8
move_w,copin,seqlock,48,rseq,4,0.791757,687356,OK,91c9aca36619-18809ea8
move_w,copin,seqlock,48,batch,4,0.783123,681440,OK,91c9aca36619-18809ea8
move_w,copin,seqlock,48,batch_rseq,4,0.789972,689584,OK,91c9aca36619-18809ea8
move_w,copin,seqlock,48,rseq,5,0.784672,685920,OK,91c9aca36619-18809ea8
move_w,copin,seqlock,48,batch,5,0.785155,675776,OK,91c9aca36619-18809ea8
move_w,copin,seqlock,48,batch_rseq,5,0.737308,696756,OK,91c9aca36619-18809ea8
move_w,copin,seqlock,48,base,5,0.750177,688044,OK,91c9aca36619-18809ea8
move_w,copin,seqlock,48,batch,6,0.736008,686628,OK,91c9aca36619-18809ea8
move_w,copin,seqlock,48,batch_rseq,6,0.782716,683928,OK,91c9aca36619-18809ea8
move_w,copin,seqlock,48,base,6,0.762994,677372,OK,91c9aca36619-18809ea8
move_w,copin,seqlock,48,rseq,6,0.778399,676108,OK,91c9aca36619-18809ea8
move_w,copin,seqlock,48,batch_rseq,7,0.790756,686876,OK,91c9aca36619-18809ea8
move_w,copin,seqlock,48,base,7,0.777171,681476,OK,91c9aca36619-18809ea8
move_w,copin,seqlock,48,rseq,7,0.768443,679656,OK,91c9aca36619-18809ea8
move_w,copin,seqlock,48,batch,7,0.767703,699848,OK,91c9aca36619-18809ea8
move_w,copin,txn-global,48,rseq,1,0.759722,1210660,OK,91c9aca36619-18809ea8
move_w,copin,txn-global,48,batch,1,0.733992,1523588,OK,91c9aca36619-18809ea8
move_w,copin,txn-global,48,batch_rseq,1,0.753965,1509912,OK,91c9aca36619-18809ea8
move_w,copin,txn-global,48,base,1,0.761467,1187540,OK,91c9aca36619-18809ea8
move_w,copin,txn-global,48,batch,2,0.73963,1511188,OK,91c9aca36619-18809ea8
move_w,copin,txn-global,48,batch_rseq,2,0.765433,1530208,OK,91c9aca36619-18809ea8
move_w,copin,txn-global,48,base,2,0.766069,1223140,OK,91c9aca36619-18809ea8
move_w,copin,txn-global,48,rseq,2,0.759825,1207984,OK,91c9aca36619-18809ea8
move_w,copin,txn-global,48,batch_rseq,3,0.73083,1483528,OK,91c9aca36619-18809ea8
move_w,copin,txn-global,48,base,3,0.761879,1208444,OK,91c9aca36619-18809ea8
move_w,copin,txn-global,48,rseq,3,0.755128,1270432,OK,91c9aca36619-18809ea8
move_w,copin,txn-global,48,batch,3,0.72667,1522856,OK,91c9aca36619-18809ea8
move_w,copin,txn-global,48,base,4,0.760407,1207488,OK,91c9aca36619-18809ea8
move_w,copin,txn-global,48,rseq,4,0.740177,1245712,OK,91c9aca36619-18809ea8
move_w,copin,txn-global,48,batch,4,0.724171,1505748,OK,91c9aca36619-18809ea8
move_w,copin,txn-global,48,batch_rseq,4,0.745382,1583344,OK,91c9aca36619-18809ea8
move_w,copin,txn-global,48,rseq,5,0.766852,1193208,OK,91c9aca36619-18809ea8
move_w,copin,txn-global,48,batch,5,0.727428,1548028,OK,91c9aca36619-18809ea8
move_w,copin,txn-global,48,batch_rseq,5,0.747459,1535580,OK,91c9aca36619-18809ea8
move_w,copin,txn-global,48,base,5,0.738816,1234420,OK,91c9aca36619-18809ea8
move_w,copin,txn-global,48,batch,6,0.728482,1499212,OK,91c9aca36619-18809ea8
move_w,copin,txn-global,48,batch_rseq,6,0.740975,1521192,OK,91c9aca36619-18809ea8
move_w,copin,txn-global,48,base,6,0.74055,1239100,OK,91c9aca36619-18809ea8
move_w,copin,txn-global,48,rseq,6,0.742013,1218164,OK,91c9aca36619-18809ea8
move_w,copin,txn-global,48,batch_rseq,7,0.74574,1498568,OK,91c9aca36619-18809ea8
move_w,copin,txn-global,48,base,7,0.770533,1194856,OK,91c9aca36619-18809ea8
move_w,copin,txn-global,48,rseq,7,0.764503,1231900,OK,91c9aca36619-18809ea8
move_w,copin,txn-global,48,batch,7,0.737648,1512324,OK,91c9aca36619-18809ea8
move_w,copin,txn-mark,48,rseq,1,19.5057,3405708,OK,91c9aca36619-18809ea8
move_w,copin,txn-mark,48,batch,1,22.0427,3660588,OK,91c9aca36619-18809ea8
move_w,copin,txn-mark,48,batch_rseq,1,22.2184,3884388,OK,91c9aca36619-18809ea8
move_w,copin,txn-mark,48,base,1,19.127,3650716,OK,91c9aca36619-18809ea8
move_w,copin,txn-mark,48,batch,2,21.6008,3644500,OK,91c9aca36619-18809ea8
move_w,copin,txn-mark,48,batch_rseq,2,22.422,3113888,OK,91c9aca36619-18809ea8
move_w,copin,txn-mark,48,base,2,19.515,3445884,OK,91c9aca36619-18809ea8
move_w,copin,txn-mark,48,rseq,2,19.7826,3449288,OK,91c9aca36619-18809ea8
move_w,copin,txn-mark,48,batch_rseq,3,22.6137,3166296,OK,91c9aca36619-18809ea8
move_w,copin,txn-mark,48,base,3,19.8816,2688116,OK,91c9aca36619-18809ea8
move_w,copin,txn-mark,48,rseq,3,19.3591,3830936,OK,91c9aca36619-18809ea8
move_w,copin,txn-mark,48,batch,3,22.1998,3121960,OK,91c9aca36619-18809ea8
move_w,copin,txn-mark,48,base,4,19.1497,3513036,OK,91c9aca36619-18809ea8
move_w,copin,txn-mark,48,rseq,4,19.9903,3786300,OK,91c9aca36619-18809ea8
move_w,copin,txn-mark,48,batch,4,22.0917,4283316,OK,91c9aca36619-18809ea8
move_w,copin,txn-mark,48,batch_rseq,4,21.9795,3706304,OK,91c9aca36619-18809ea8
move_w,copin,txn-mark,48,rseq,5,18.9026,3447912,OK,91c9aca36619-18809ea8
move_w,copin,txn-mark,48,batch,5,22.0275,3019504,OK,91c9aca36619-18809ea8
move_w,copin,txn-mark,48,batch_rseq,5,22.4825,3000448,OK,91c9aca36619-18809ea8
move_w,copin,txn-mark,48,base,5,19.0854,3390996,OK,91c9aca36619-18809ea8
move_w,copin,txn-mark,48,batch,6,21.4278,3273192,OK,91c9aca36619-18809ea8
move_w,copin,txn-mark,48,batch_rseq,6,22.4599,2711656,OK,91c9aca36619-18809ea8
move_w,copin,txn-mark,48,base,6,19.414,3461520,OK,91c9aca36619-18809ea8
move_w,copin,txn-mark,48,rseq,6,19.3615,3053468,OK,91c9aca36619-18809ea8
move_w,copin,txn-mark,48,batch_rseq,7,22.6154,3901188,OK,91c9aca36619-18809ea8
move_w,copin,txn-mark,48,base,7,19.4033,3343168,OK,91c9aca36619-18809ea8
move_w,copin,txn-mark,48,rseq,7,19.8523,3059040,OK,91c9aca36619-18809ea8
move_w,copin,txn-mark,48,batch,7,21.8104,3310796,OK,91c9aca36619-18809ea8
move_w,copin,bucketlock,48,rseq,1,22.9104,1590980,OK,91c9aca36619-18809ea8
move_w,copin,bucketlock,48,batch,1,23.9822,1967872,OK,91c9aca36619-18809ea8
move_w,copin,bucketlock,48,batch_rseq,1,24.6724,1718000,OK,91c9aca36619-18809ea8
move_w,copin,bucketlock,48,base,1,21.8826,1926156,OK,91c9aca36619-18809ea8
move_w,copin,bucketlock,48,batch,2,23.8786,1578420,OK,91c9aca36619-18809ea8
move_w,copin,bucketlock,48,batch_rseq,2,23.3554,1399416,OK,91c9aca36619-18809ea8
move_w,copin,bucketlock,48,base,2,21.8207,1881868,OK,91c9aca36619-18809ea8
move_w,copin,bucketlock,48,rseq,2,23.15,1872932,OK,91c9aca36619-18809ea8
move_w,copin,bucketlock,48,batch_rseq,3,23.6708,1482944,OK,91c9aca36619-18809ea8
move_w,copin,bucketlock,48,base,3,21.6861,1547852,OK,91c9aca36619-18809ea8
move_w,copin,bucketlock,48,rseq,3,22.015,1158816,OK,91c9aca36619-18809ea8
move_w,copin,bucketlock,48,batch,3,23.9836,1484572,OK,91c9aca36619-18809ea8
move_w,copin,bucketlock,48,base,4,21.5042,1249124,OK,91c9aca36619-18809ea8
move_w,copin,bucketlock,48,rseq,4,23.1256,1732980,OK,91c9aca36619-18809ea8
move_w,copin,bucketlock,48,batch,4,23.5077,2088732,OK,91c9aca36619-18809ea8
move_w,copin,bucketlock,48,batch_rseq,4,24.5313,2316312,OK,91c9aca36619-18809ea8
move_w,copin,bucketlock,48,rseq,5,22.7527,1712396,OK,91c9aca36619-18809ea8
move_w,copin,bucketlock,48,batch,5,23.9649,2065028,OK,91c9aca36619-18809ea8
move_w,copin,bucketlock,48,batch_rseq,5,24.0436,1556228,OK,91c9aca36619-18809ea8
move_w,copin,bucketlock,48,base,5,22.2732,1849900,OK,91c9aca36619-18809ea8
move_w,copin,bucketlock,48,batch,6,23.5547,1751000,OK,91c9aca36619-18809ea8
move_w,copin,bucketlock,48,batch_rseq,6,24.4707,1801648,OK,91c9aca36619-18809ea8
move_w,copin,bucketlock,48,base,6,22.0439,1658872,OK,91c9aca36619-18809ea8
move_w,copin,bucketlock,48,rseq,6,23.33,1357696,OK,91c9aca36619-18809ea8
move_w,copin,bucketlock,48,batch_rseq,7,24.3159,1786564,OK,91c9aca36619-18809ea8
move_w,copin,bucketlock,48,base,7,22.2596,1396776,OK,91c9aca36619-18809ea8
move_w,copin,bucketlock,48,rseq,7,23.6339,1462096,OK,91c9aca36619-18809ea8
move_w,copin,bucketlock,48,batch,7,24.3238,1672844,OK,91c9aca36619-18809ea8
