bench,workload,engine,rep,threads,metric,value
bench_scale,1writer+readers,artolc,1,,rss_kb,147756
bench_scale,1writer+readers,artolc,1,1,read_mops,1.8
bench_scale,1writer+readers,artolc,1,1,write_kops,1816.6
bench_scale,1writer+readers,artolc,1,2,read_mops,3.8
bench_scale,1writer+readers,artolc,1,2,write_kops,1739.1
bench_scale,1writer+readers,artolc,1,4,read_mops,7.7
bench_scale,1writer+readers,artolc,1,4,write_kops,1770.8
bench_scale,1writer+readers,artolc,1,8,read_mops,16.3
bench_scale,1writer+readers,artolc,1,8,write_kops,1835
bench_scale,1writer+readers,artolc,1,16,read_mops,32.4
bench_scale,1writer+readers,artolc,1,16,write_kops,1834.3
bench_scale,1writer+readers,artolc,1,32,read_mops,64.3
bench_scale,1writer+readers,artolc,1,32,write_kops,1832.3
bench_scale,1writer+readers,artolc,1,64,read_mops,128.5
bench_scale,1writer+readers,artolc,1,64,write_kops,1817.3
bench_scale,1writer+readers,artolc,1,96,read_mops,190.7
bench_scale,1writer+readers,artolc,1,96,write_kops,1815.1
bench_scale,1writer+readers,artolc,1,128,read_mops,257.8
bench_scale,1writer+readers,artolc,1,128,write_kops,1811
bench_scale,1writer+readers,artolc,1,191,read_mops,385
bench_scale,1writer+readers,artolc,1,191,write_kops,1445.2
bench_scale,1writer+readers,artolc,2,,rss_kb,147768
bench_scale,1writer+readers,artolc,2,1,read_mops,1.8
bench_scale,1writer+readers,artolc,2,1,write_kops,1827.7
bench_scale,1writer+readers,artolc,2,2,read_mops,3.7
bench_scale,1writer+readers,artolc,2,2,write_kops,1820
bench_scale,1writer+readers,artolc,2,4,read_mops,7.5
bench_scale,1writer+readers,artolc,2,4,write_kops,1665.4
bench_scale,1writer+readers,artolc,2,8,read_mops,15.9
bench_scale,1writer+readers,artolc,2,8,write_kops,1835.9
bench_scale,1writer+readers,artolc,2,16,read_mops,31.6
bench_scale,1writer+readers,artolc,2,16,write_kops,1838.6
bench_scale,1writer+readers,artolc,2,32,read_mops,63
bench_scale,1writer+readers,artolc,2,32,write_kops,1826.2
bench_scale,1writer+readers,artolc,2,64,read_mops,124.7
bench_scale,1writer+readers,artolc,2,64,write_kops,1804.5
bench_scale,1writer+readers,artolc,2,96,read_mops,185.1
bench_scale,1writer+readers,artolc,2,96,write_kops,1806.2
bench_scale,1writer+readers,artolc,2,128,read_mops,251.4
bench_scale,1writer+readers,artolc,2,128,write_kops,1797.1
bench_scale,1writer+readers,artolc,2,191,read_mops,376.8
bench_scale,1writer+readers,artolc,2,191,write_kops,1609.5
bench_scale,1writer+readers,artolc,3,,rss_kb,147676
bench_scale,1writer+readers,artolc,3,1,read_mops,1.8
bench_scale,1writer+readers,artolc,3,1,write_kops,1803.2
bench_scale,1writer+readers,artolc,3,2,read_mops,3.8
bench_scale,1writer+readers,artolc,3,2,write_kops,1797.9
bench_scale,1writer+readers,artolc,3,4,read_mops,7.8
bench_scale,1writer+readers,artolc,3,4,write_kops,1789.4
bench_scale,1writer+readers,artolc,3,8,read_mops,16.6
bench_scale,1writer+readers,artolc,3,8,write_kops,1835.3
bench_scale,1writer+readers,artolc,3,16,read_mops,33
bench_scale,1writer+readers,artolc,3,16,write_kops,1834.5
bench_scale,1writer+readers,artolc,3,32,read_mops,65.7
bench_scale,1writer+readers,artolc,3,32,write_kops,1830.1
bench_scale,1writer+readers,artolc,3,64,read_mops,130.3
bench_scale,1writer+readers,artolc,3,64,write_kops,1814.6
bench_scale,1writer+readers,artolc,3,96,read_mops,192.5
bench_scale,1writer+readers,artolc,3,96,write_kops,1798.8
bench_scale,1writer+readers,artolc,3,128,read_mops,256.2
bench_scale,1writer+readers,artolc,3,128,write_kops,1793
bench_scale,1writer+readers,artolc,3,191,read_mops,374.6
bench_scale,1writer+readers,artolc,3,191,write_kops,1652.3
bench_scale,1writer+readers,artrowex,1,,rss_kb,147724
bench_scale,1writer+readers,artrowex,1,1,read_mops,1.7
bench_scale,1writer+readers,artrowex,1,1,write_kops,1430.1
bench_scale,1writer+readers,artrowex,1,2,read_mops,3.6
bench_scale,1writer+readers,artrowex,1,2,write_kops,1411.4
bench_scale,1writer+readers,artrowex,1,4,read_mops,7.4
bench_scale,1writer+readers,artrowex,1,4,write_kops,1351.2
bench_scale,1writer+readers,artrowex,1,8,read_mops,15.6
bench_scale,1writer+readers,artrowex,1,8,write_kops,1431.5
bench_scale,1writer+readers,artrowex,1,16,read_mops,31
bench_scale,1writer+readers,artrowex,1,16,write_kops,1432.6
bench_scale,1writer+readers,artrowex,1,32,read_mops,61.6
bench_scale,1writer+readers,artrowex,1,32,write_kops,1425.9
bench_scale,1writer+readers,artrowex,1,64,read_mops,122.3
bench_scale,1writer+readers,artrowex,1,64,write_kops,1418.6
bench_scale,1writer+readers,artrowex,1,96,read_mops,181.3
bench_scale,1writer+readers,artrowex,1,96,write_kops,1414.8
bench_scale,1writer+readers,artrowex,1,128,read_mops,247.4
bench_scale,1writer+readers,artrowex,1,128,write_kops,1408.6
bench_scale,1writer+readers,artrowex,1,191,read_mops,371
bench_scale,1writer+readers,artrowex,1,191,write_kops,1239.1
bench_scale,1writer+readers,artrowex,2,,rss_kb,147744
bench_scale,1writer+readers,artrowex,2,1,read_mops,1.9
bench_scale,1writer+readers,artrowex,2,1,write_kops,1426.1
bench_scale,1writer+readers,artrowex,2,2,read_mops,3.8
bench_scale,1writer+readers,artrowex,2,2,write_kops,1412.8
bench_scale,1writer+readers,artrowex,2,4,read_mops,7.8
bench_scale,1writer+readers,artrowex,2,4,write_kops,1397.1
bench_scale,1writer+readers,artrowex,2,8,read_mops,16.5
bench_scale,1writer+readers,artrowex,2,8,write_kops,1431.7
bench_scale,1writer+readers,artrowex,2,16,read_mops,32.8
bench_scale,1writer+readers,artrowex,2,16,write_kops,1428.1
bench_scale,1writer+readers,artrowex,2,32,read_mops,65.2
bench_scale,1writer+readers,artrowex,2,32,write_kops,1425.1
bench_scale,1writer+readers,artrowex,2,64,read_mops,129.3
bench_scale,1writer+readers,artrowex,2,64,write_kops,1416.2
bench_scale,1writer+readers,artrowex,2,96,read_mops,192
bench_scale,1writer+readers,artrowex,2,96,write_kops,1403.1
bench_scale,1writer+readers,artrowex,2,128,read_mops,254.6
bench_scale,1writer+readers,artrowex,2,128,write_kops,1403.6
bench_scale,1writer+readers,artrowex,2,191,read_mops,372.7
bench_scale,1writer+readers,artrowex,2,191,write_kops,1170.4
bench_scale,1writer+readers,artrowex,3,,rss_kb,147704
bench_scale,1writer+readers,artrowex,3,1,read_mops,1.8
bench_scale,1writer+readers,artrowex,3,1,write_kops,1424.4
bench_scale,1writer+readers,artrowex,3,2,read_mops,3.9
bench_scale,1writer+readers,artrowex,3,2,write_kops,1417.6
bench_scale,1writer+readers,artrowex,3,4,read_mops,7.8
bench_scale,1writer+readers,artrowex,3,4,write_kops,1387.2
bench_scale,1writer+readers,artrowex,3,8,read_mops,16.5
bench_scale,1writer+readers,artrowex,3,8,write_kops,1428
bench_scale,1writer+readers,artrowex,3,16,read_mops,33
bench_scale,1writer+readers,artrowex,3,16,write_kops,1423.1
bench_scale,1writer+readers,artrowex,3,32,read_mops,65.6
bench_scale,1writer+readers,artrowex,3,32,write_kops,1427.7
bench_scale,1writer+readers,artrowex,3,64,read_mops,130.2
bench_scale,1writer+readers,artrowex,3,64,write_kops,1415.4
bench_scale,1writer+readers,artrowex,3,96,read_mops,194
bench_scale,1writer+readers,artrowex,3,96,write_kops,1398.6
bench_scale,1writer+readers,artrowex,3,128,read_mops,256.6
bench_scale,1writer+readers,artrowex,3,128,write_kops,1400.3
bench_scale,1writer+readers,artrowex,3,191,read_mops,374.9
bench_scale,1writer+readers,artrowex,3,191,write_kops,1205.5
bench_scale,1writer+readers,ft,1,,rss_kb,450180
bench_scale,1writer+readers,ft,1,1,read_mops,2.2
bench_scale,1writer+readers,ft,1,1,write_kops,533.8
bench_scale,1writer+readers,ft,1,2,read_mops,4.8
bench_scale,1writer+readers,ft,1,2,write_kops,520.9
bench_scale,1writer+readers,ft,1,4,read_mops,10.3
bench_scale,1writer+readers,ft,1,4,write_kops,458.9
bench_scale,1writer+readers,ft,1,8,read_mops,23.7
bench_scale,1writer+readers,ft,1,8,write_kops,528.5
bench_scale,1writer+readers,ft,1,16,read_mops,47.5
bench_scale,1writer+readers,ft,1,16,write_kops,530.8
bench_scale,1writer+readers,ft,1,32,read_mops,94.6
bench_scale,1writer+readers,ft,1,32,write_kops,527.7
bench_scale,1writer+readers,ft,1,64,read_mops,187.8
bench_scale,1writer+readers,ft,1,64,write_kops,458.8
bench_scale,1writer+readers,ft,1,96,read_mops,279.5
bench_scale,1writer+readers,ft,1,96,write_kops,422.1
bench_scale,1writer+readers,ft,1,128,read_mops,364.4
bench_scale,1writer+readers,ft,1,128,write_kops,407.6
bench_scale,1writer+readers,ft,1,191,read_mops,528.7
bench_scale,1writer+readers,ft,1,191,write_kops,234.7
bench_scale,1writer+readers,ft,2,,rss_kb,444328
bench_scale,1writer+readers,ft,2,1,read_mops,2.1
bench_scale,1writer+readers,ft,2,1,write_kops,539.9
bench_scale,1writer+readers,ft,2,2,read_mops,4.7
bench_scale,1writer+readers,ft,2,2,write_kops,518.9
bench_scale,1writer+readers,ft,2,4,read_mops,10.2
bench_scale,1writer+readers,ft,2,4,write_kops,393.6
bench_scale,1writer+readers,ft,2,8,read_mops,23
bench_scale,1writer+readers,ft,2,8,write_kops,535.3
bench_scale,1writer+readers,ft,2,16,read_mops,45.9
bench_scale,1writer+readers,ft,2,16,write_kops,534.8
bench_scale,1writer+readers,ft,2,32,read_mops,91.7
bench_scale,1writer+readers,ft,2,32,write_kops,522.1
bench_scale,1writer+readers,ft,2,64,read_mops,182
bench_scale,1writer+readers,ft,2,64,write_kops,465.1
bench_scale,1writer+readers,ft,2,96,read_mops,269.5
bench_scale,1writer+readers,ft,2,96,write_kops,431.2
bench_scale,1writer+readers,ft,2,128,read_mops,357.7
bench_scale,1writer+readers,ft,2,128,write_kops,419.3
bench_scale,1writer+readers,ft,2,191,read_mops,528.8
bench_scale,1writer+readers,ft,2,191,write_kops,236.5
bench_scale,1writer+readers,ft,3,,rss_kb,473716
bench_scale,1writer+readers,ft,3,1,read_mops,2.2
bench_scale,1writer+readers,ft,3,1,write_kops,533.3
bench_scale,1writer+readers,ft,3,2,read_mops,4.9
bench_scale,1writer+readers,ft,3,2,write_kops,516.5
bench_scale,1writer+readers,ft,3,4,read_mops,10.5
bench_scale,1writer+readers,ft,3,4,write_kops,431.6
bench_scale,1writer+readers,ft,3,8,read_mops,23.7
bench_scale,1writer+readers,ft,3,8,write_kops,527.4
bench_scale,1writer+readers,ft,3,16,read_mops,47.5
bench_scale,1writer+readers,ft,3,16,write_kops,526.3
bench_scale,1writer+readers,ft,3,32,read_mops,95.9
bench_scale,1writer+readers,ft,3,32,write_kops,516.4
bench_scale,1writer+readers,ft,3,64,read_mops,189.1
bench_scale,1writer+readers,ft,3,64,write_kops,431.7
bench_scale,1writer+readers,ft,3,96,read_mops,280.5
bench_scale,1writer+readers,ft,3,96,write_kops,418.3
bench_scale,1writer+readers,ft,3,128,read_mops,368.1
bench_scale,1writer+readers,ft,3,128,write_kops,411.5
bench_scale,1writer+readers,ft,3,191,read_mops,532.2
bench_scale,1writer+readers,ft,3,191,write_kops,232.3
bench_scale,1writer+readers,ft,4,,rss_kb,442704
bench_scale,1writer+readers,ft,4,1,read_mops,2.2
bench_scale,1writer+readers,ft,4,1,write_kops,535.5
bench_scale,1writer+readers,ft,4,2,read_mops,4.9
bench_scale,1writer+readers,ft,4,2,write_kops,520.3
bench_scale,1writer+readers,ft,4,4,read_mops,10.7
bench_scale,1writer+readers,ft,4,4,write_kops,395.8
bench_scale,1writer+readers,ft,4,8,read_mops,23.8
bench_scale,1writer+readers,ft,4,8,write_kops,539
bench_scale,1writer+readers,ft,4,16,read_mops,48.6
bench_scale,1writer+readers,ft,4,16,write_kops,533.9
bench_scale,1writer+readers,ft,4,32,read_mops,96.9
bench_scale,1writer+readers,ft,4,32,write_kops,527.2
bench_scale,1writer+readers,ft,4,64,read_mops,191.1
bench_scale,1writer+readers,ft,4,64,write_kops,461.8
bench_scale,1writer+readers,ft,4,96,read_mops,285.2
bench_scale,1writer+readers,ft,4,96,write_kops,429.4
bench_scale,1writer+readers,ft,4,128,read_mops,370.6
bench_scale,1writer+readers,ft,4,128,write_kops,418.7
bench_scale,1writer+readers,ft,4,191,read_mops,533.1
bench_scale,1writer+readers,ft,4,191,write_kops,243.8
bench_scale,1writer+readers,ft,5,,rss_kb,430156
bench_scale,1writer+readers,ft,5,1,read_mops,2
bench_scale,1writer+readers,ft,5,1,write_kops,518
bench_scale,1writer+readers,ft,5,2,read_mops,4.4
bench_scale,1writer+readers,ft,5,2,write_kops,520.6
bench_scale,1writer+readers,ft,5,4,read_mops,9.7
bench_scale,1writer+readers,ft,5,4,write_kops,407.7
bench_scale,1writer+readers,ft,5,8,read_mops,22.4
bench_scale,1writer+readers,ft,5,8,write_kops,532.1
bench_scale,1writer+readers,ft,5,16,read_mops,44.9
bench_scale,1writer+readers,ft,5,16,write_kops,532.2
bench_scale,1writer+readers,ft,5,32,read_mops,89.1
bench_scale,1writer+readers,ft,5,32,write_kops,523.9
bench_scale,1writer+readers,ft,5,64,read_mops,179.1
bench_scale,1writer+readers,ft,5,64,write_kops,467
bench_scale,1writer+readers,ft,5,96,read_mops,265.7
bench_scale,1writer+readers,ft,5,96,write_kops,423.3
bench_scale,1writer+readers,ft,5,128,read_mops,355.7
bench_scale,1writer+readers,ft,5,128,write_kops,423.6
bench_scale,1writer+readers,ft,5,191,read_mops,529.4
bench_scale,1writer+readers,ft,5,191,write_kops,247.7
bench_scale,1writer+readers,ft_qsbr,1,,rss_kb,420948
bench_scale,1writer+readers,ft_qsbr,1,1,read_mops,2.1
bench_scale,1writer+readers,ft_qsbr,1,1,write_kops,552.6
bench_scale,1writer+readers,ft_qsbr,1,2,read_mops,4.4
bench_scale,1writer+readers,ft_qsbr,1,2,write_kops,544.2
bench_scale,1writer+readers,ft_qsbr,1,4,read_mops,9.7
bench_scale,1writer+readers,ft_qsbr,1,4,write_kops,422.8
bench_scale,1writer+readers,ft_qsbr,1,8,read_mops,22.2
bench_scale,1writer+readers,ft_qsbr,1,8,write_kops,557.3
bench_scale,1writer+readers,ft_qsbr,1,16,read_mops,44.8
bench_scale,1writer+readers,ft_qsbr,1,16,write_kops,554.6
bench_scale,1writer+readers,ft_qsbr,1,32,read_mops,89.6
bench_scale,1writer+readers,ft_qsbr,1,32,write_kops,549.6
bench_scale,1writer+readers,ft_qsbr,1,64,read_mops,177.6
bench_scale,1writer+readers,ft_qsbr,1,64,write_kops,540.4
bench_scale,1writer+readers,ft_qsbr,1,96,read_mops,266.6
bench_scale,1writer+readers,ft_qsbr,1,96,write_kops,536.5
bench_scale,1writer+readers,ft_qsbr,1,128,read_mops,358.5
bench_scale,1writer+readers,ft_qsbr,1,128,write_kops,532.1
bench_scale,1writer+readers,ft_qsbr,1,191,read_mops,531.5
bench_scale,1writer+readers,ft_qsbr,1,191,write_kops,299.6
bench_scale,1writer+readers,ft_qsbr,2,,rss_kb,428992
bench_scale,1writer+readers,ft_qsbr,2,1,read_mops,2.1
bench_scale,1writer+readers,ft_qsbr,2,1,write_kops,547.9
bench_scale,1writer+readers,ft_qsbr,2,2,read_mops,4.6
bench_scale,1writer+readers,ft_qsbr,2,2,write_kops,543
bench_scale,1writer+readers,ft_qsbr,2,4,read_mops,10
bench_scale,1writer+readers,ft_qsbr,2,4,write_kops,414.9
bench_scale,1writer+readers,ft_qsbr,2,8,read_mops,22.9
bench_scale,1writer+readers,ft_qsbr,2,8,write_kops,556.5
bench_scale,1writer+readers,ft_qsbr,2,16,read_mops,46.1
bench_scale,1writer+readers,ft_qsbr,2,16,write_kops,552.5
bench_scale,1writer+readers,ft_qsbr,2,32,read_mops,91.6
bench_scale,1writer+readers,ft_qsbr,2,32,write_kops,542.6
bench_scale,1writer+readers,ft_qsbr,2,64,read_mops,182.8
bench_scale,1writer+readers,ft_qsbr,2,64,write_kops,534.1
bench_scale,1writer+readers,ft_qsbr,2,96,read_mops,273.4
bench_scale,1writer+readers,ft_qsbr,2,96,write_kops,521.1
bench_scale,1writer+readers,ft_qsbr,2,128,read_mops,361.5
bench_scale,1writer+readers,ft_qsbr,2,128,write_kops,520.7
bench_scale,1writer+readers,ft_qsbr,2,191,read_mops,531.1
bench_scale,1writer+readers,ft_qsbr,2,191,write_kops,298
bench_scale,1writer+readers,ft_qsbr,3,,rss_kb,415064
bench_scale,1writer+readers,ft_qsbr,3,1,read_mops,2.1
bench_scale,1writer+readers,ft_qsbr,3,1,write_kops,561.4
bench_scale,1writer+readers,ft_qsbr,3,2,read_mops,4.7
bench_scale,1writer+readers,ft_qsbr,3,2,write_kops,542.4
bench_scale,1writer+readers,ft_qsbr,3,4,read_mops,10.2
bench_scale,1writer+readers,ft_qsbr,3,4,write_kops,421.6
bench_scale,1writer+readers,ft_qsbr,3,8,read_mops,23.3
bench_scale,1writer+readers,ft_qsbr,3,8,write_kops,559.6
bench_scale,1writer+readers,ft_qsbr,3,16,read_mops,46.7
bench_scale,1writer+readers,ft_qsbr,3,16,write_kops,555.8
bench_scale,1writer+readers,ft_qsbr,3,32,read_mops,92.8
bench_scale,1writer+readers,ft_qsbr,3,32,write_kops,548.5
bench_scale,1writer+readers,ft_qsbr,3,64,read_mops,186.4
bench_scale,1writer+readers,ft_qsbr,3,64,write_kops,540.9
bench_scale,1writer+readers,ft_qsbr,3,96,read_mops,276
bench_scale,1writer+readers,ft_qsbr,3,96,write_kops,532.1
bench_scale,1writer+readers,ft_qsbr,3,128,read_mops,363.9
bench_scale,1writer+readers,ft_qsbr,3,128,write_kops,529.3
bench_scale,1writer+readers,ft_qsbr,3,191,read_mops,533.6
bench_scale,1writer+readers,ft_qsbr,3,191,write_kops,318.3
bench_scale,1writer+readers,ft_qsbr,4,,rss_kb,443484
bench_scale,1writer+readers,ft_qsbr,4,1,read_mops,2.1
bench_scale,1writer+readers,ft_qsbr,4,1,write_kops,550
bench_scale,1writer+readers,ft_qsbr,4,2,read_mops,4.4
bench_scale,1writer+readers,ft_qsbr,4,2,write_kops,539.6
bench_scale,1writer+readers,ft_qsbr,4,4,read_mops,9.9
bench_scale,1writer+readers,ft_qsbr,4,4,write_kops,417.7
bench_scale,1writer+readers,ft_qsbr,4,8,read_mops,22.4
bench_scale,1writer+readers,ft_qsbr,4,8,write_kops,553.9
bench_scale,1writer+readers,ft_qsbr,4,16,read_mops,44.8
bench_scale,1writer+readers,ft_qsbr,4,16,write_kops,553.9
bench_scale,1writer+readers,ft_qsbr,4,32,read_mops,89.5
bench_scale,1writer+readers,ft_qsbr,4,32,write_kops,544.3
bench_scale,1writer+readers,ft_qsbr,4,64,read_mops,178.3
bench_scale,1writer+readers,ft_qsbr,4,64,write_kops,535
bench_scale,1writer+readers,ft_qsbr,4,96,read_mops,264.1
bench_scale,1writer+readers,ft_qsbr,4,96,write_kops,529.4
bench_scale,1writer+readers,ft_qsbr,4,128,read_mops,355.3
bench_scale,1writer+readers,ft_qsbr,4,128,write_kops,524.7
bench_scale,1writer+readers,ft_qsbr,4,191,read_mops,532
bench_scale,1writer+readers,ft_qsbr,4,191,write_kops,297
bench_scale,1writer+readers,ft_qsbr,5,,rss_kb,432148
bench_scale,1writer+readers,ft_qsbr,5,1,read_mops,2.1
bench_scale,1writer+readers,ft_qsbr,5,1,write_kops,551.6
bench_scale,1writer+readers,ft_qsbr,5,2,read_mops,4.5
bench_scale,1writer+readers,ft_qsbr,5,2,write_kops,536.4
bench_scale,1writer+readers,ft_qsbr,5,4,read_mops,9.8
bench_scale,1writer+readers,ft_qsbr,5,4,write_kops,412.9
bench_scale,1writer+readers,ft_qsbr,5,8,read_mops,22.3
bench_scale,1writer+readers,ft_qsbr,5,8,write_kops,548.8
bench_scale,1writer+readers,ft_qsbr,5,16,read_mops,45.2
bench_scale,1writer+readers,ft_qsbr,5,16,write_kops,543.7
bench_scale,1writer+readers,ft_qsbr,5,32,read_mops,90.2
bench_scale,1writer+readers,ft_qsbr,5,32,write_kops,533.9
bench_scale,1writer+readers,ft_qsbr,5,64,read_mops,179.2
bench_scale,1writer+readers,ft_qsbr,5,64,write_kops,522.5
bench_scale,1writer+readers,ft_qsbr,5,96,read_mops,268.2
bench_scale,1writer+readers,ft_qsbr,5,96,write_kops,521.5
bench_scale,1writer+readers,ft_qsbr,5,128,read_mops,358.9
bench_scale,1writer+readers,ft_qsbr,5,128,write_kops,515.3
bench_scale,1writer+readers,ft_qsbr,5,191,read_mops,531.8
bench_scale,1writer+readers,ft_qsbr,5,191,write_kops,340.6
bench_scale,1writer+readers,hotrowex,1,,rss_kb,115924
bench_scale,1writer+readers,hotrowex,1,1,read_mops,2.8
bench_scale,1writer+readers,hotrowex,1,1,write_kops,5875.9
bench_scale,1writer+readers,hotrowex,1,2,read_mops,5.8
bench_scale,1writer+readers,hotrowex,1,2,write_kops,5960.5
bench_scale,1writer+readers,hotrowex,1,4,read_mops,12.1
bench_scale,1writer+readers,hotrowex,1,4,write_kops,5952.2
bench_scale,1writer+readers,hotrowex,1,8,read_mops,26.1
bench_scale,1writer+readers,hotrowex,1,8,write_kops,5797.8
bench_scale,1writer+readers,hotrowex,1,16,read_mops,52.6
bench_scale,1writer+readers,hotrowex,1,16,write_kops,5776.1
bench_scale,1writer+readers,hotrowex,1,32,read_mops,104.8
bench_scale,1writer+readers,hotrowex,1,32,write_kops,5714.7
bench_scale,1writer+readers,hotrowex,1,64,read_mops,210.9
bench_scale,1writer+readers,hotrowex,1,64,write_kops,5649.4
bench_scale,1writer+readers,hotrowex,1,96,read_mops,316.2
bench_scale,1writer+readers,hotrowex,1,96,write_kops,5457
bench_scale,1writer+readers,hotrowex,1,128,read_mops,409.6
bench_scale,1writer+readers,hotrowex,1,128,write_kops,5352.7
bench_scale,1writer+readers,hotrowex,1,191,read_mops,598.9
bench_scale,1writer+readers,hotrowex,1,191,write_kops,5296.9
bench_scale,1writer+readers,hotrowex,2,,rss_kb,115900
bench_scale,1writer+readers,hotrowex,2,1,read_mops,2.8
bench_scale,1writer+readers,hotrowex,2,1,write_kops,5946.9
bench_scale,1writer+readers,hotrowex,2,2,read_mops,5.9
bench_scale,1writer+readers,hotrowex,2,2,write_kops,5921.2
bench_scale,1writer+readers,hotrowex,2,4,read_mops,12.1
bench_scale,1writer+readers,hotrowex,2,4,write_kops,5919
bench_scale,1writer+readers,hotrowex,2,8,read_mops,25.2
bench_scale,1writer+readers,hotrowex,2,8,write_kops,5634.8
bench_scale,1writer+readers,hotrowex,2,16,read_mops,50.3
bench_scale,1writer+readers,hotrowex,2,16,write_kops,5607.7
bench_scale,1writer+readers,hotrowex,2,32,read_mops,100.6
bench_scale,1writer+readers,hotrowex,2,32,write_kops,5513.5
bench_scale,1writer+readers,hotrowex,2,64,read_mops,201.9
bench_scale,1writer+readers,hotrowex,2,64,write_kops,5432.6
bench_scale,1writer+readers,hotrowex,2,96,read_mops,300.1
bench_scale,1writer+readers,hotrowex,2,96,write_kops,5404.7
bench_scale,1writer+readers,hotrowex,2,128,read_mops,397.4
bench_scale,1writer+readers,hotrowex,2,128,write_kops,5391.8
bench_scale,1writer+readers,hotrowex,2,191,read_mops,586.2
bench_scale,1writer+readers,hotrowex,2,191,write_kops,5291.5
bench_scale,1writer+readers,hotrowex,3,,rss_kb,115924
bench_scale,1writer+readers,hotrowex,3,1,read_mops,2.9
bench_scale,1writer+readers,hotrowex,3,1,write_kops,5987.9
bench_scale,1writer+readers,hotrowex,3,2,read_mops,6.2
bench_scale,1writer+readers,hotrowex,3,2,write_kops,5967.1
bench_scale,1writer+readers,hotrowex,3,4,read_mops,12.8
bench_scale,1writer+readers,hotrowex,3,4,write_kops,5954.3
bench_scale,1writer+readers,hotrowex,3,8,read_mops,26.4
bench_scale,1writer+readers,hotrowex,3,8,write_kops,5858.5
bench_scale,1writer+readers,hotrowex,3,16,read_mops,52.9
bench_scale,1writer+readers,hotrowex,3,16,write_kops,5838.4
bench_scale,1writer+readers,hotrowex,3,32,read_mops,108.2
bench_scale,1writer+readers,hotrowex,3,32,write_kops,5763.2
bench_scale,1writer+readers,hotrowex,3,64,read_mops,214.9
bench_scale,1writer+readers,hotrowex,3,64,write_kops,5664.9
bench_scale,1writer+readers,hotrowex,3,96,read_mops,318.8
bench_scale,1writer+readers,hotrowex,3,96,write_kops,5484.8
bench_scale,1writer+readers,hotrowex,3,128,read_mops,420.9
bench_scale,1writer+readers,hotrowex,3,128,write_kops,5516.1
bench_scale,1writer+readers,hotrowex,3,191,read_mops,597.4
bench_scale,1writer+readers,hotrowex,3,191,write_kops,5420.6
bench_scale,1writer+readers,hotrowex,4,,rss_kb,115924
bench_scale,1writer+readers,hotrowex,4,1,read_mops,2.7
bench_scale,1writer+readers,hotrowex,4,1,write_kops,5942.9
bench_scale,1writer+readers,hotrowex,4,2,read_mops,5.8
bench_scale,1writer+readers,hotrowex,4,2,write_kops,5878.2
bench_scale,1writer+readers,hotrowex,4,4,read_mops,12
bench_scale,1writer+readers,hotrowex,4,4,write_kops,5934.4
bench_scale,1writer+readers,hotrowex,4,8,read_mops,25
bench_scale,1writer+readers,hotrowex,4,8,write_kops,5636
bench_scale,1writer+readers,hotrowex,4,16,read_mops,51
bench_scale,1writer+readers,hotrowex,4,16,write_kops,5621.2
bench_scale,1writer+readers,hotrowex,4,32,read_mops,101.8
bench_scale,1writer+readers,hotrowex,4,32,write_kops,5555.1
bench_scale,1writer+readers,hotrowex,4,64,read_mops,201.7
bench_scale,1writer+readers,hotrowex,4,64,write_kops,5433.9
bench_scale,1writer+readers,hotrowex,4,96,read_mops,309.3
bench_scale,1writer+readers,hotrowex,4,96,write_kops,5435.2
bench_scale,1writer+readers,hotrowex,4,128,read_mops,409.7
bench_scale,1writer+readers,hotrowex,4,128,write_kops,5475.6
bench_scale,1writer+readers,hotrowex,4,191,read_mops,598.5
bench_scale,1writer+readers,hotrowex,4,191,write_kops,5368.1
bench_scale,1writer+readers,hotrowex,5,,rss_kb,115908
bench_scale,1writer+readers,hotrowex,5,1,read_mops,2.8
bench_scale,1writer+readers,hotrowex,5,1,write_kops,5958.1
bench_scale,1writer+readers,hotrowex,5,2,read_mops,5.8
bench_scale,1writer+readers,hotrowex,5,2,write_kops,5945.4
bench_scale,1writer+readers,hotrowex,5,4,read_mops,12
bench_scale,1writer+readers,hotrowex,5,4,write_kops,5939.3
bench_scale,1writer+readers,hotrowex,5,8,read_mops,25
bench_scale,1writer+readers,hotrowex,5,8,write_kops,5677.9
bench_scale,1writer+readers,hotrowex,5,16,read_mops,50.1
bench_scale,1writer+readers,hotrowex,5,16,write_kops,5614.1
bench_scale,1writer+readers,hotrowex,5,32,read_mops,99.9
bench_scale,1writer+readers,hotrowex,5,32,write_kops,5565.6
bench_scale,1writer+readers,hotrowex,5,64,read_mops,202.5
bench_scale,1writer+readers,hotrowex,5,64,write_kops,5451.5
bench_scale,1writer+readers,hotrowex,5,96,read_mops,303.7
bench_scale,1writer+readers,hotrowex,5,96,write_kops,5536.7
bench_scale,1writer+readers,hotrowex,5,128,read_mops,403.1
bench_scale,1writer+readers,hotrowex,5,128,write_kops,5478.9
bench_scale,1writer+readers,hotrowex,5,191,read_mops,605.2
bench_scale,1writer+readers,hotrowex,5,191,write_kops,5373
bench_scale,1writer+readers,masstree,1,,rss_kb,190096
bench_scale,1writer+readers,masstree,1,1,read_mops,1.8
bench_scale,1writer+readers,masstree,1,1,write_kops,7017.9
bench_scale,1writer+readers,masstree,1,2,read_mops,3.7
bench_scale,1writer+readers,masstree,1,2,write_kops,6998.5
bench_scale,1writer+readers,masstree,1,4,read_mops,7.5
bench_scale,1writer+readers,masstree,1,4,write_kops,6958.6
bench_scale,1writer+readers,masstree,1,8,read_mops,15.1
bench_scale,1writer+readers,masstree,1,8,write_kops,6985.4
bench_scale,1writer+readers,masstree,1,16,read_mops,30.2
bench_scale,1writer+readers,masstree,1,16,write_kops,6939.1
bench_scale,1writer+readers,masstree,1,32,read_mops,60.2
bench_scale,1writer+readers,masstree,1,32,write_kops,6871.5
bench_scale,1writer+readers,masstree,1,64,read_mops,119
bench_scale,1writer+readers,masstree,1,64,write_kops,6679.3
bench_scale,1writer+readers,masstree,1,96,read_mops,178.9
bench_scale,1writer+readers,masstree,1,96,write_kops,6535.4
bench_scale,1writer+readers,masstree,1,128,read_mops,243.5
bench_scale,1writer+readers,masstree,1,128,write_kops,6352.1
bench_scale,1writer+readers,masstree,1,191,read_mops,362.7
bench_scale,1writer+readers,masstree,1,191,write_kops,5555.8
bench_scale,1writer+readers,masstree,2,,rss_kb,190144
bench_scale,1writer+readers,masstree,2,1,read_mops,2
bench_scale,1writer+readers,masstree,2,1,write_kops,7074.7
bench_scale,1writer+readers,masstree,2,2,read_mops,4.1
bench_scale,1writer+readers,masstree,2,2,write_kops,7073.9
bench_scale,1writer+readers,masstree,2,4,read_mops,8.4
bench_scale,1writer+readers,masstree,2,4,write_kops,7001.9
bench_scale,1writer+readers,masstree,2,8,read_mops,17.2
bench_scale,1writer+readers,masstree,2,8,write_kops,6969.4
bench_scale,1writer+readers,masstree,2,16,read_mops,34.4
bench_scale,1writer+readers,masstree,2,16,write_kops,6966.1
bench_scale,1writer+readers,masstree,2,32,read_mops,68.5
bench_scale,1writer+readers,masstree,2,32,write_kops,6896.1
bench_scale,1writer+readers,masstree,2,64,read_mops,135.8
bench_scale,1writer+readers,masstree,2,64,write_kops,6750
bench_scale,1writer+readers,masstree,2,96,read_mops,200.1
bench_scale,1writer+readers,masstree,2,96,write_kops,6607.4
bench_scale,1writer+readers,masstree,2,128,read_mops,258.5
bench_scale,1writer+readers,masstree,2,128,write_kops,6354.1
bench_scale,1writer+readers,masstree,2,191,read_mops,367.6
bench_scale,1writer+readers,masstree,2,191,write_kops,5740.8
bench_scale,1writer+readers,masstree,3,,rss_kb,190100
bench_scale,1writer+readers,masstree,3,1,read_mops,1.9
bench_scale,1writer+readers,masstree,3,1,write_kops,7032.2
bench_scale,1writer+readers,masstree,3,2,read_mops,3.9
bench_scale,1writer+readers,masstree,3,2,write_kops,7029.8
bench_scale,1writer+readers,masstree,3,4,read_mops,7.9
bench_scale,1writer+readers,masstree,3,4,write_kops,6972
bench_scale,1writer+readers,masstree,3,8,read_mops,16.1
bench_scale,1writer+readers,masstree,3,8,write_kops,6990
bench_scale,1writer+readers,masstree,3,16,read_mops,32
bench_scale,1writer+readers,masstree,3,16,write_kops,6957
bench_scale,1writer+readers,masstree,3,32,read_mops,63.8
bench_scale,1writer+readers,masstree,3,32,write_kops,6868.6
bench_scale,1writer+readers,masstree,3,64,read_mops,126.7
bench_scale,1writer+readers,masstree,3,64,write_kops,6695.1
bench_scale,1writer+readers,masstree,3,96,read_mops,187.3
bench_scale,1writer+readers,masstree,3,96,write_kops,6568.4
bench_scale,1writer+readers,masstree,3,128,read_mops,248.7
bench_scale,1writer+readers,masstree,3,128,write_kops,6352
bench_scale,1writer+readers,masstree,3,191,read_mops,363.3
bench_scale,1writer+readers,masstree,3,191,write_kops,5698.7
bench_scale,readers_only,artolc,1,,rss_kb,147784
bench_scale,readers_only,artolc,1,1,read_mops,2
bench_scale,readers_only,artolc,1,2,read_mops,4.2
bench_scale,readers_only,artolc,1,4,read_mops,8.6
bench_scale,readers_only,artolc,1,8,read_mops,17.5
bench_scale,readers_only,artolc,1,16,read_mops,34.9
bench_scale,readers_only,artolc,1,32,read_mops,70.1
bench_scale,readers_only,artolc,1,64,read_mops,138.9
bench_scale,readers_only,artolc,1,96,read_mops,208.9
bench_scale,readers_only,artolc,1,128,read_mops,276.7
bench_scale,readers_only,artolc,1,191,read_mops,398.6
bench_scale,readers_only,artolc,1,192,read_mops,403.5
bench_scale,readers_only,artolc,2,,rss_kb,147716
bench_scale,readers_only,artolc,2,1,read_mops,2
bench_scale,readers_only,artolc,2,2,read_mops,4.2
bench_scale,readers_only,artolc,2,4,read_mops,8.5
bench_scale,readers_only,artolc,2,8,read_mops,17.3
bench_scale,readers_only,artolc,2,16,read_mops,34.9
bench_scale,readers_only,artolc,2,32,read_mops,69.4
bench_scale,readers_only,artolc,2,64,read_mops,138.3
bench_scale,readers_only,artolc,2,96,read_mops,211.1
bench_scale,readers_only,artolc,2,128,read_mops,276
bench_scale,readers_only,artolc,2,191,read_mops,401.2
bench_scale,readers_only,artolc,2,192,read_mops,410.2
bench_scale,readers_only,artolc,3,,rss_kb,147764
bench_scale,readers_only,artolc,3,1,read_mops,1.9
bench_scale,readers_only,artolc,3,2,read_mops,4
bench_scale,readers_only,artolc,3,4,read_mops,8.3
bench_scale,readers_only,artolc,3,8,read_mops,17.2
bench_scale,readers_only,artolc,3,16,read_mops,34.5
bench_scale,readers_only,artolc,3,32,read_mops,68.7
bench_scale,readers_only,artolc,3,64,read_mops,137.4
bench_scale,readers_only,artolc,3,96,read_mops,205
bench_scale,readers_only,artolc,3,128,read_mops,270.2
bench_scale,readers_only,artolc,3,191,read_mops,405.7
bench_scale,readers_only,artolc,3,192,read_mops,409.3
bench_scale,readers_only,artrowex,1,,rss_kb,147760
bench_scale,readers_only,artrowex,1,1,read_mops,1.9
bench_scale,readers_only,artrowex,1,2,read_mops,4
bench_scale,readers_only,artrowex,1,4,read_mops,8.3
bench_scale,readers_only,artrowex,1,8,read_mops,17
bench_scale,readers_only,artrowex,1,16,read_mops,34
bench_scale,readers_only,artrowex,1,32,read_mops,67.8
bench_scale,readers_only,artrowex,1,64,read_mops,135.6
bench_scale,readers_only,artrowex,1,96,read_mops,205
bench_scale,readers_only,artrowex,1,128,read_mops,268.4
bench_scale,readers_only,artrowex,1,191,read_mops,393.6
bench_scale,readers_only,artrowex,1,192,read_mops,401.8
bench_scale,readers_only,artrowex,2,,rss_kb,147740
bench_scale,readers_only,artrowex,2,1,read_mops,1.9
bench_scale,readers_only,artrowex,2,2,read_mops,3.9
bench_scale,readers_only,artrowex,2,4,read_mops,8.1
bench_scale,readers_only,artrowex,2,8,read_mops,16.6
bench_scale,readers_only,artrowex,2,16,read_mops,33
bench_scale,readers_only,artrowex,2,32,read_mops,65.8
bench_scale,readers_only,artrowex,2,64,read_mops,133.9
bench_scale,readers_only,artrowex,2,96,read_mops,199.4
bench_scale,readers_only,artrowex,2,128,read_mops,265.9
bench_scale,readers_only,artrowex,2,191,read_mops,400.4
bench_scale,readers_only,artrowex,2,192,read_mops,402.5
bench_scale,readers_only,artrowex,3,,rss_kb,147796
bench_scale,readers_only,artrowex,3,1,read_mops,1.9
bench_scale,readers_only,artrowex,3,2,read_mops,3.9
bench_scale,readers_only,artrowex,3,4,read_mops,8
bench_scale,readers_only,artrowex,3,8,read_mops,16.3
bench_scale,readers_only,artrowex,3,16,read_mops,32.4
bench_scale,readers_only,artrowex,3,32,read_mops,65
bench_scale,readers_only,artrowex,3,64,read_mops,129.4
bench_scale,readers_only,artrowex,3,96,read_mops,192.4
bench_scale,readers_only,artrowex,3,128,read_mops,262.1
bench_scale,readers_only,artrowex,3,191,read_mops,391.1
bench_scale,readers_only,artrowex,3,192,read_mops,393.3
bench_scale,readers_only,ft,1,,rss_kb,455596
bench_scale,readers_only,ft,1,1,read_mops,2.5
bench_scale,readers_only,ft,1,2,read_mops,5.2
bench_scale,readers_only,ft,1,4,read_mops,11.2
bench_scale,readers_only,ft,1,8,read_mops,23.9
bench_scale,readers_only,ft,1,16,read_mops,48.5
bench_scale,readers_only,ft,1,32,read_mops,97.2
bench_scale,readers_only,ft,1,64,read_mops,192.8
bench_scale,readers_only,ft,1,96,read_mops,288.6
bench_scale,readers_only,ft,1,128,read_mops,382.3
bench_scale,readers_only,ft,1,191,read_mops,557.7
bench_scale,readers_only,ft,1,192,read_mops,560.4
bench_scale,readers_only,ft,2,,rss_kb,459096
bench_scale,readers_only,ft,2,1,read_mops,2.4
bench_scale,readers_only,ft,2,2,read_mops,5.3
bench_scale,readers_only,ft,2,4,read_mops,11.1
bench_scale,readers_only,ft,2,8,read_mops,24
bench_scale,readers_only,ft,2,16,read_mops,48.2
bench_scale,readers_only,ft,2,32,read_mops,96.1
bench_scale,readers_only,ft,2,64,read_mops,191.5
bench_scale,readers_only,ft,2,96,read_mops,286.8
bench_scale,readers_only,ft,2,128,read_mops,379.9
bench_scale,readers_only,ft,2,191,read_mops,558.3
bench_scale,readers_only,ft,2,192,read_mops,561
bench_scale,readers_only,ft,3,,rss_kb,438384
bench_scale,readers_only,ft,3,1,read_mops,2.5
bench_scale,readers_only,ft,3,2,read_mops,5.3
bench_scale,readers_only,ft,3,4,read_mops,11.2
bench_scale,readers_only,ft,3,8,read_mops,24.3
bench_scale,readers_only,ft,3,16,read_mops,48.7
bench_scale,readers_only,ft,3,32,read_mops,97
bench_scale,readers_only,ft,3,64,read_mops,195
bench_scale,readers_only,ft,3,96,read_mops,290.2
bench_scale,readers_only,ft,3,128,read_mops,382.3
bench_scale,readers_only,ft,3,191,read_mops,559.6
bench_scale,readers_only,ft,3,192,read_mops,562.8
bench_scale,readers_only,ft,4,,rss_kb,457144
bench_scale,readers_only,ft,4,1,read_mops,2.4
bench_scale,readers_only,ft,4,2,read_mops,5.2
bench_scale,readers_only,ft,4,4,read_mops,11.1
bench_scale,readers_only,ft,4,8,read_mops,23.8
bench_scale,readers_only,ft,4,16,read_mops,47.5
bench_scale,readers_only,ft,4,32,read_mops,95.6
bench_scale,readers_only,ft,4,64,read_mops,190
bench_scale,readers_only,ft,4,96,read_mops,282.3
bench_scale,readers_only,ft,4,128,read_mops,376.6
bench_scale,readers_only,ft,4,191,read_mops,557.2
bench_scale,readers_only,ft,4,192,read_mops,560.3
bench_scale,readers_only,ft,5,,rss_kb,449076
bench_scale,readers_only,ft,5,1,read_mops,2.6
bench_scale,readers_only,ft,5,2,read_mops,5.5
bench_scale,readers_only,ft,5,4,read_mops,11.6
bench_scale,readers_only,ft,5,8,read_mops,24.5
bench_scale,readers_only,ft,5,16,read_mops,49.5
bench_scale,readers_only,ft,5,32,read_mops,98.7
bench_scale,readers_only,ft,5,64,read_mops,195.8
bench_scale,readers_only,ft,5,96,read_mops,296.5
bench_scale,readers_only,ft,5,128,read_mops,387.8
bench_scale,readers_only,ft,5,191,read_mops,557.5
bench_scale,readers_only,ft,5,192,read_mops,560.4
bench_scale,readers_only,ft_qsbr,1,,rss_kb,421580
bench_scale,readers_only,ft_qsbr,1,1,read_mops,2.4
bench_scale,readers_only,ft_qsbr,1,2,read_mops,5.1
bench_scale,readers_only,ft_qsbr,1,4,read_mops,11.1
bench_scale,readers_only,ft_qsbr,1,8,read_mops,23.8
bench_scale,readers_only,ft_qsbr,1,16,read_mops,47.6
bench_scale,readers_only,ft_qsbr,1,32,read_mops,95.6
bench_scale,readers_only,ft_qsbr,1,64,read_mops,190.4
bench_scale,readers_only,ft_qsbr,1,96,read_mops,283.5
bench_scale,readers_only,ft_qsbr,1,128,read_mops,378.4
bench_scale,readers_only,ft_qsbr,1,191,read_mops,559
bench_scale,readers_only,ft_qsbr,1,192,read_mops,561.8
bench_scale,readers_only,ft_qsbr,2,,rss_kb,415256
bench_scale,readers_only,ft_qsbr,2,1,read_mops,2.5
bench_scale,readers_only,ft_qsbr,2,2,read_mops,5.4
bench_scale,readers_only,ft_qsbr,2,4,read_mops,11.2
bench_scale,readers_only,ft_qsbr,2,8,read_mops,23.7
bench_scale,readers_only,ft_qsbr,2,16,read_mops,47.7
bench_scale,readers_only,ft_qsbr,2,32,read_mops,96.3
bench_scale,readers_only,ft_qsbr,2,64,read_mops,190.7
bench_scale,readers_only,ft_qsbr,2,96,read_mops,285.3
bench_scale,readers_only,ft_qsbr,2,128,read_mops,380.4
bench_scale,readers_only,ft_qsbr,2,191,read_mops,555.8
bench_scale,readers_only,ft_qsbr,2,192,read_mops,558.2
bench_scale,readers_only,ft_qsbr,3,,rss_kb,429844
bench_scale,readers_only,ft_qsbr,3,1,read_mops,2.6
bench_scale,readers_only,ft_qsbr,3,2,read_mops,5.5
bench_scale,readers_only,ft_qsbr,3,4,read_mops,11.5
bench_scale,readers_only,ft_qsbr,3,8,read_mops,24.1
bench_scale,readers_only,ft_qsbr,3,16,read_mops,49.2
bench_scale,readers_only,ft_qsbr,3,32,read_mops,97.9
bench_scale,readers_only,ft_qsbr,3,64,read_mops,194.1
bench_scale,readers_only,ft_qsbr,3,96,read_mops,292
bench_scale,readers_only,ft_qsbr,3,128,read_mops,383.2
bench_scale,readers_only,ft_qsbr,3,191,read_mops,557.3
bench_scale,readers_only,ft_qsbr,3,192,read_mops,560.3
bench_scale,readers_only,ft_qsbr,4,,rss_kb,431344
bench_scale,readers_only,ft_qsbr,4,1,read_mops,2.6
bench_scale,readers_only,ft_qsbr,4,2,read_mops,5.4
bench_scale,readers_only,ft_qsbr,4,4,read_mops,11.4
bench_scale,readers_only,ft_qsbr,4,8,read_mops,24.5
bench_scale,readers_only,ft_qsbr,4,16,read_mops,48.9
bench_scale,readers_only,ft_qsbr,4,32,read_mops,97.3
bench_scale,readers_only,ft_qsbr,4,64,read_mops,194.7
bench_scale,readers_only,ft_qsbr,4,96,read_mops,290.7
bench_scale,readers_only,ft_qsbr,4,128,read_mops,382.7
bench_scale,readers_only,ft_qsbr,4,191,read_mops,558.9
bench_scale,readers_only,ft_qsbr,4,192,read_mops,561.6
bench_scale,readers_only,ft_qsbr,5,,rss_kb,433344
bench_scale,readers_only,ft_qsbr,5,1,read_mops,2.6
bench_scale,readers_only,ft_qsbr,5,2,read_mops,5.6
bench_scale,readers_only,ft_qsbr,5,4,read_mops,11.7
bench_scale,readers_only,ft_qsbr,5,8,read_mops,24.8
bench_scale,readers_only,ft_qsbr,5,16,read_mops,49.7
bench_scale,readers_only,ft_qsbr,5,32,read_mops,99.6
bench_scale,readers_only,ft_qsbr,5,64,read_mops,198.3
bench_scale,readers_only,ft_qsbr,5,96,read_mops,294.9
bench_scale,readers_only,ft_qsbr,5,128,read_mops,385
bench_scale,readers_only,ft_qsbr,5,191,read_mops,557.8
bench_scale,readers_only,ft_qsbr,5,192,read_mops,560.9
bench_scale,readers_only,hotrowex,1,,rss_kb,115924
bench_scale,readers_only,hotrowex,1,1,read_mops,2.8
bench_scale,readers_only,hotrowex,1,2,read_mops,5.8
bench_scale,readers_only,hotrowex,1,4,read_mops,12.2
bench_scale,readers_only,hotrowex,1,8,read_mops,25.5
bench_scale,readers_only,hotrowex,1,16,read_mops,51.1
bench_scale,readers_only,hotrowex,1,32,read_mops,103.2
bench_scale,readers_only,hotrowex,1,64,read_mops,206.5
bench_scale,readers_only,hotrowex,1,96,read_mops,307
bench_scale,readers_only,hotrowex,1,128,read_mops,409.8
bench_scale,readers_only,hotrowex,1,191,read_mops,602.8
bench_scale,readers_only,hotrowex,1,192,read_mops,605.7
bench_scale,readers_only,hotrowex,2,,rss_kb,115896
bench_scale,readers_only,hotrowex,2,1,read_mops,2.6
bench_scale,readers_only,hotrowex,2,2,read_mops,5.5
bench_scale,readers_only,hotrowex,2,4,read_mops,11.5
bench_scale,readers_only,hotrowex,2,8,read_mops,24
bench_scale,readers_only,hotrowex,2,16,read_mops,48.3
bench_scale,readers_only,hotrowex,2,32,read_mops,97.3
bench_scale,readers_only,hotrowex,2,64,read_mops,193.1
bench_scale,readers_only,hotrowex,2,96,read_mops,290.7
bench_scale,readers_only,hotrowex,2,128,read_mops,400.5
bench_scale,readers_only,hotrowex,2,191,read_mops,600.7
bench_scale,readers_only,hotrowex,2,192,read_mops,610
bench_scale,readers_only,hotrowex,3,,rss_kb,115892
bench_scale,readers_only,hotrowex,3,1,read_mops,2.8
bench_scale,readers_only,hotrowex,3,2,read_mops,6
bench_scale,readers_only,hotrowex,3,4,read_mops,12.2
bench_scale,readers_only,hotrowex,3,8,read_mops,25.7
bench_scale,readers_only,hotrowex,3,16,read_mops,52.7
bench_scale,readers_only,hotrowex,3,32,read_mops,104.7
bench_scale,readers_only,hotrowex,3,64,read_mops,208.1
bench_scale,readers_only,hotrowex,3,96,read_mops,319.3
bench_scale,readers_only,hotrowex,3,128,read_mops,417.8
bench_scale,readers_only,hotrowex,3,191,read_mops,606.4
bench_scale,readers_only,hotrowex,3,192,read_mops,629.5
bench_scale,readers_only,hotrowex,4,,rss_kb,115896
bench_scale,readers_only,hotrowex,4,1,read_mops,2.8
bench_scale,readers_only,hotrowex,4,2,read_mops,5.8
bench_scale,readers_only,hotrowex,4,4,read_mops,12.1
bench_scale,readers_only,hotrowex,4,8,read_mops,25.1
bench_scale,readers_only,hotrowex,4,16,read_mops,50.1
bench_scale,readers_only,hotrowex,4,32,read_mops,99.9
bench_scale,readers_only,hotrowex,4,64,read_mops,202.2
bench_scale,readers_only,hotrowex,4,96,read_mops,301.8
bench_scale,readers_only,hotrowex,4,128,read_mops,402.1
bench_scale,readers_only,hotrowex,4,191,read_mops,611.3
bench_scale,readers_only,hotrowex,4,192,read_mops,619
bench_scale,readers_only,hotrowex,5,,rss_kb,115896
bench_scale,readers_only,hotrowex,5,1,read_mops,2.7
bench_scale,readers_only,hotrowex,5,2,read_mops,5.5
bench_scale,readers_only,hotrowex,5,4,read_mops,11.6
bench_scale,readers_only,hotrowex,5,8,read_mops,24.1
bench_scale,readers_only,hotrowex,5,16,read_mops,48.1
bench_scale,readers_only,hotrowex,5,32,read_mops,97.2
bench_scale,readers_only,hotrowex,5,64,read_mops,194.1
bench_scale,readers_only,hotrowex,5,96,read_mops,288.6
bench_scale,readers_only,hotrowex,5,128,read_mops,393.3
bench_scale,readers_only,hotrowex,5,191,read_mops,592
bench_scale,readers_only,hotrowex,5,192,read_mops,595
bench_scale,readers_only,masstree,1,,rss_kb,190208
bench_scale,readers_only,masstree,1,1,read_mops,2
bench_scale,readers_only,masstree,1,2,read_mops,4.1
bench_scale,readers_only,masstree,1,4,read_mops,8.4
bench_scale,readers_only,masstree,1,8,read_mops,17.3
bench_scale,readers_only,masstree,1,16,read_mops,34.4
bench_scale,readers_only,masstree,1,32,read_mops,68.7
bench_scale,readers_only,masstree,1,64,read_mops,138.1
bench_scale,readers_only,masstree,1,96,read_mops,203
bench_scale,readers_only,masstree,1,128,read_mops,261.3
bench_scale,readers_only,masstree,1,191,read_mops,371.9
bench_scale,readers_only,masstree,1,192,read_mops,373.3
bench_scale,readers_only,masstree,2,,rss_kb,190120
bench_scale,readers_only,masstree,2,1,read_mops,1.9
bench_scale,readers_only,masstree,2,2,read_mops,3.8
bench_scale,readers_only,masstree,2,4,read_mops,8
bench_scale,readers_only,masstree,2,8,read_mops,16.2
bench_scale,readers_only,masstree,2,16,read_mops,32.2
bench_scale,readers_only,masstree,2,32,read_mops,65.3
bench_scale,readers_only,masstree,2,64,read_mops,129.3
bench_scale,readers_only,masstree,2,96,read_mops,190.8
bench_scale,readers_only,masstree,2,128,read_mops,255.5
bench_scale,readers_only,masstree,2,191,read_mops,371.5
bench_scale,readers_only,masstree,2,192,read_mops,373
bench_scale,readers_only,masstree,3,,rss_kb,190124
bench_scale,readers_only,masstree,3,1,read_mops,2
bench_scale,readers_only,masstree,3,2,read_mops,4.1
bench_scale,readers_only,masstree,3,4,read_mops,8.4
bench_scale,readers_only,masstree,3,8,read_mops,17
bench_scale,readers_only,masstree,3,16,read_mops,34.3
bench_scale,readers_only,masstree,3,32,read_mops,68.9
bench_scale,readers_only,masstree,3,64,read_mops,136.5
bench_scale,readers_only,masstree,3,96,read_mops,201.7
bench_scale,readers_only,masstree,3,128,read_mops,260.9
bench_scale,readers_only,masstree,3,191,read_mops,370.5
bench_scale,readers_only,masstree,3,192,read_mops,371.8
bench_scale,single_mutator,art,1,0,insert_kops,10357.5
bench_scale,single_mutator,art,1,0,replace_kops,15327.6
bench_scale,single_mutator,art,1,0,remove_kops,12282.6
bench_scale,single_mutator,art,1,1,insert_kops,2.2
bench_scale,single_mutator,art,1,1,replace_kops,2.2
bench_scale,single_mutator,art,1,1,remove_kops,2.2
bench_scale,single_mutator,art,1,2,insert_kops,2.2
bench_scale,single_mutator,art,1,2,replace_kops,2.6
bench_scale,single_mutator,art,1,2,remove_kops,2.2
bench_scale,single_mutator,art,1,4,insert_kops,2.2
bench_scale,single_mutator,art,1,4,replace_kops,2.5
bench_scale,single_mutator,art,1,4,remove_kops,2.3
bench_scale,single_mutator,art,1,8,insert_kops,2.3
bench_scale,single_mutator,art,1,8,replace_kops,2.4
bench_scale,single_mutator,art,1,8,remove_kops,2.3
bench_scale,single_mutator,art,1,16,insert_kops,9.5
bench_scale,single_mutator,art,1,16,replace_kops,30.4
bench_scale,single_mutator,art,1,16,remove_kops,13.9
bench_scale,single_mutator,art,1,32,insert_kops,39.6
bench_scale,single_mutator,art,1,32,replace_kops,111.2
bench_scale,single_mutator,art,1,32,remove_kops,61
bench_scale,single_mutator,art,1,64,insert_kops,103.1
bench_scale,single_mutator,art,1,64,replace_kops,255.2
bench_scale,single_mutator,art,1,64,remove_kops,132.9
bench_scale,single_mutator,art,1,96,insert_kops,151.3
bench_scale,single_mutator,art,1,96,replace_kops,360.2
bench_scale,single_mutator,art,1,96,remove_kops,193.3
bench_scale,single_mutator,art,1,128,insert_kops,268.8
bench_scale,single_mutator,art,1,128,replace_kops,544.5
bench_scale,single_mutator,art,1,128,remove_kops,316.7
bench_scale,single_mutator,art,1,191,insert_kops,510.6
bench_scale,single_mutator,art,1,191,replace_kops,896.5
bench_scale,single_mutator,art,1,191,remove_kops,536.6
bench_scale,single_mutator,art,2,0,insert_kops,10355.7
bench_scale,single_mutator,art,2,0,replace_kops,15371.7
bench_scale,single_mutator,art,2,0,remove_kops,12440.5
bench_scale,single_mutator,art,2,1,insert_kops,2.2
bench_scale,single_mutator,art,2,1,replace_kops,2.6
bench_scale,single_mutator,art,2,1,remove_kops,2.2
bench_scale,single_mutator,art,2,2,insert_kops,2.3
bench_scale,single_mutator,art,2,2,replace_kops,2.4
bench_scale,single_mutator,art,2,2,remove_kops,2.3
bench_scale,single_mutator,art,2,4,insert_kops,2.3
bench_scale,single_mutator,art,2,4,replace_kops,2.4
bench_scale,single_mutator,art,2,4,remove_kops,2.3
bench_scale,single_mutator,art,2,8,insert_kops,2.3
bench_scale,single_mutator,art,2,8,replace_kops,2.4
bench_scale,single_mutator,art,2,8,remove_kops,2.3
bench_scale,single_mutator,art,2,16,insert_kops,7.6
bench_scale,single_mutator,art,2,16,replace_kops,25.2
bench_scale,single_mutator,art,2,16,remove_kops,11
bench_scale,single_mutator,art,2,32,insert_kops,31.4
bench_scale,single_mutator,art,2,32,replace_kops,105.9
bench_scale,single_mutator,art,2,32,remove_kops,52.5
bench_scale,single_mutator,art,2,64,insert_kops,94.4
bench_scale,single_mutator,art,2,64,replace_kops,246.1
bench_scale,single_mutator,art,2,64,remove_kops,127.7
bench_scale,single_mutator,art,2,96,insert_kops,143.3
bench_scale,single_mutator,art,2,96,replace_kops,345.7
bench_scale,single_mutator,art,2,96,remove_kops,184.1
bench_scale,single_mutator,art,2,128,insert_kops,275.3
bench_scale,single_mutator,art,2,128,replace_kops,545.1
bench_scale,single_mutator,art,2,128,remove_kops,324.1
bench_scale,single_mutator,art,2,191,insert_kops,499.9
bench_scale,single_mutator,art,2,191,replace_kops,876.9
bench_scale,single_mutator,art,2,191,remove_kops,533.2
bench_scale,single_mutator,art,3,0,insert_kops,10163
bench_scale,single_mutator,art,3,0,replace_kops,15264.4
bench_scale,single_mutator,art,3,0,remove_kops,12301.1
bench_scale,single_mutator,art,3,1,insert_kops,2.2
bench_scale,single_mutator,art,3,1,replace_kops,2.2
bench_scale,single_mutator,art,3,1,remove_kops,2.2
bench_scale,single_mutator,art,3,2,insert_kops,2.2
bench_scale,single_mutator,art,3,2,replace_kops,2.6
bench_scale,single_mutator,art,3,2,remove_kops,2.2
bench_scale,single_mutator,art,3,4,insert_kops,2.2
bench_scale,single_mutator,art,3,4,replace_kops,2.6
bench_scale,single_mutator,art,3,4,remove_kops,2.2
bench_scale,single_mutator,art,3,8,insert_kops,2.2
bench_scale,single_mutator,art,3,8,replace_kops,2.5
bench_scale,single_mutator,art,3,8,remove_kops,2.2
bench_scale,single_mutator,art,3,16,insert_kops,11.7
bench_scale,single_mutator,art,3,16,replace_kops,35.3
bench_scale,single_mutator,art,3,16,remove_kops,16.7
bench_scale,single_mutator,art,3,32,insert_kops,43.1
bench_scale,single_mutator,art,3,32,replace_kops,126.1
bench_scale,single_mutator,art,3,32,remove_kops,59.9
bench_scale,single_mutator,art,3,64,insert_kops,125.8
bench_scale,single_mutator,art,3,64,replace_kops,297.7
bench_scale,single_mutator,art,3,64,remove_kops,160.2
bench_scale,single_mutator,art,3,96,insert_kops,133.8
bench_scale,single_mutator,art,3,96,replace_kops,344.6
bench_scale,single_mutator,art,3,96,remove_kops,175.8
bench_scale,single_mutator,art,3,128,insert_kops,249.7
bench_scale,single_mutator,art,3,128,replace_kops,513.3
bench_scale,single_mutator,art,3,128,remove_kops,297.4
bench_scale,single_mutator,art,3,191,insert_kops,459.4
bench_scale,single_mutator,art,3,191,replace_kops,829.8
bench_scale,single_mutator,art,3,191,remove_kops,510.2
bench_scale,single_mutator,artolc,1,0,insert_kops,3888.9
bench_scale,single_mutator,artolc,1,0,replace_kops,1220
bench_scale,single_mutator,artolc,1,0,remove_kops,1189.5
bench_scale,single_mutator,artolc,1,1,insert_kops,3627.2
bench_scale,single_mutator,artolc,1,1,replace_kops,1216.8
bench_scale,single_mutator,artolc,1,1,remove_kops,1195.8
bench_scale,single_mutator,artolc,1,2,insert_kops,3424.7
bench_scale,single_mutator,artolc,1,2,replace_kops,1209.9
bench_scale,single_mutator,artolc,1,2,remove_kops,1200.8
bench_scale,single_mutator,artolc,1,4,insert_kops,3302.4
bench_scale,single_mutator,artolc,1,4,replace_kops,1203.3
bench_scale,single_mutator,artolc,1,4,remove_kops,1200.8
bench_scale,single_mutator,artolc,1,8,insert_kops,2419.3
bench_scale,single_mutator,artolc,1,8,replace_kops,1248.9
bench_scale,single_mutator,artolc,1,8,remove_kops,1143.7
bench_scale,single_mutator,artolc,1,16,insert_kops,2247
bench_scale,single_mutator,artolc,1,16,replace_kops,1256.1
bench_scale,single_mutator,artolc,1,16,remove_kops,1129.1
bench_scale,single_mutator,artolc,1,32,insert_kops,2032.3
bench_scale,single_mutator,artolc,1,32,replace_kops,1257.3
bench_scale,single_mutator,artolc,1,32,remove_kops,1113.4
bench_scale,single_mutator,artolc,1,64,insert_kops,1841.1
bench_scale,single_mutator,artolc,1,64,replace_kops,1245.3
bench_scale,single_mutator,artolc,1,64,remove_kops,1089.1
bench_scale,single_mutator,artolc,1,96,insert_kops,1569.5
bench_scale,single_mutator,artolc,1,96,replace_kops,1234.7
bench_scale,single_mutator,artolc,1,96,remove_kops,1067.2
bench_scale,single_mutator,artolc,1,128,insert_kops,1522.5
bench_scale,single_mutator,artolc,1,128,replace_kops,1224.5
bench_scale,single_mutator,artolc,1,128,remove_kops,1058.9
bench_scale,single_mutator,artolc,1,191,insert_kops,1421.3
bench_scale,single_mutator,artolc,1,191,replace_kops,1057.6
bench_scale,single_mutator,artolc,1,191,remove_kops,961.3
bench_scale,single_mutator,artolc,2,0,insert_kops,3886.3
bench_scale,single_mutator,artolc,2,0,replace_kops,1222.5
bench_scale,single_mutator,artolc,2,0,remove_kops,1190.9
bench_scale,single_mutator,artolc,2,1,insert_kops,3563
bench_scale,single_mutator,artolc,2,1,replace_kops,1199.7
bench_scale,single_mutator,artolc,2,1,remove_kops,1178.1
bench_scale,single_mutator,artolc,2,2,insert_kops,3564.2
bench_scale,single_mutator,artolc,2,2,replace_kops,1216.5
bench_scale,single_mutator,artolc,2,2,remove_kops,1195
bench_scale,single_mutator,artolc,2,4,insert_kops,3336.3
bench_scale,single_mutator,artolc,2,4,replace_kops,1205
bench_scale,single_mutator,artolc,2,4,remove_kops,1201
bench_scale,single_mutator,artolc,2,8,insert_kops,2539.6
bench_scale,single_mutator,artolc,2,8,replace_kops,1237.5
bench_scale,single_mutator,artolc,2,8,remove_kops,1154.9
bench_scale,single_mutator,artolc,2,16,insert_kops,2410.6
bench_scale,single_mutator,artolc,2,16,replace_kops,1242.6
bench_scale,single_mutator,artolc,2,16,remove_kops,1147.4
bench_scale,single_mutator,artolc,2,32,insert_kops,2182
bench_scale,single_mutator,artolc,2,32,replace_kops,1248.4
bench_scale,single_mutator,artolc,2,32,remove_kops,1134.7
bench_scale,single_mutator,artolc,2,64,insert_kops,1949.3
bench_scale,single_mutator,artolc,2,64,replace_kops,1231.3
bench_scale,single_mutator,artolc,2,64,remove_kops,1117.5
bench_scale,single_mutator,artolc,2,96,insert_kops,1599.7
bench_scale,single_mutator,artolc,2,96,replace_kops,1237
bench_scale,single_mutator,artolc,2,96,remove_kops,1076.1
bench_scale,single_mutator,artolc,2,128,insert_kops,1522.6
bench_scale,single_mutator,artolc,2,128,replace_kops,1226.2
bench_scale,single_mutator,artolc,2,128,remove_kops,1067.3
bench_scale,single_mutator,artolc,2,191,insert_kops,1442.2
bench_scale,single_mutator,artolc,2,191,replace_kops,1153.7
bench_scale,single_mutator,artolc,2,191,remove_kops,1057.3
bench_scale,single_mutator,artolc,3,0,insert_kops,3885.9
bench_scale,single_mutator,artolc,3,0,replace_kops,1220.1
bench_scale,single_mutator,artolc,3,0,remove_kops,1191.5
bench_scale,single_mutator,artolc,3,1,insert_kops,3586.2
bench_scale,single_mutator,artolc,3,1,replace_kops,1207.1
bench_scale,single_mutator,artolc,3,1,remove_kops,1183.9
bench_scale,single_mutator,artolc,3,2,insert_kops,3515.6
bench_scale,single_mutator,artolc,3,2,replace_kops,1215.8
bench_scale,single_mutator,artolc,3,2,remove_kops,1197
bench_scale,single_mutator,artolc,3,4,insert_kops,3217.1
bench_scale,single_mutator,artolc,3,4,replace_kops,1200.2
bench_scale,single_mutator,artolc,3,4,remove_kops,1202.7
bench_scale,single_mutator,artolc,3,8,insert_kops,2539.7
bench_scale,single_mutator,artolc,3,8,replace_kops,1245.9
bench_scale,single_mutator,artolc,3,8,remove_kops,1147.6
bench_scale,single_mutator,artolc,3,16,insert_kops,2374.5
bench_scale,single_mutator,artolc,3,16,replace_kops,1248
bench_scale,single_mutator,artolc,3,16,remove_kops,1140.7
bench_scale,single_mutator,artolc,3,32,insert_kops,2149.3
bench_scale,single_mutator,artolc,3,32,replace_kops,1253.1
bench_scale,single_mutator,artolc,3,32,remove_kops,1128.6
bench_scale,single_mutator,artolc,3,64,insert_kops,1931.1
bench_scale,single_mutator,artolc,3,64,replace_kops,1243.5
bench_scale,single_mutator,artolc,3,64,remove_kops,1108.3
bench_scale,single_mutator,artolc,3,96,insert_kops,1559.8
bench_scale,single_mutator,artolc,3,96,replace_kops,1227.5
bench_scale,single_mutator,artolc,3,96,remove_kops,1074.1
bench_scale,single_mutator,artolc,3,128,insert_kops,1526.4
bench_scale,single_mutator,artolc,3,128,replace_kops,1231
bench_scale,single_mutator,artolc,3,128,remove_kops,1063.3
bench_scale,single_mutator,artolc,3,191,insert_kops,1442.9
bench_scale,single_mutator,artolc,3,191,replace_kops,1131
bench_scale,single_mutator,artolc,3,191,remove_kops,1036.2
bench_scale,single_mutator,artrowex,1,0,insert_kops,3264.1
bench_scale,single_mutator,artrowex,1,0,replace_kops,781.4
bench_scale,single_mutator,artrowex,1,0,remove_kops,1141.4
bench_scale,single_mutator,artrowex,1,1,insert_kops,3065.2
bench_scale,single_mutator,artrowex,1,1,replace_kops,776.5
bench_scale,single_mutator,artrowex,1,1,remove_kops,1144
bench_scale,single_mutator,artrowex,1,2,insert_kops,2919.4
bench_scale,single_mutator,artrowex,1,2,replace_kops,764.4
bench_scale,single_mutator,artrowex,1,2,remove_kops,1130.5
bench_scale,single_mutator,artrowex,1,4,insert_kops,2849.8
bench_scale,single_mutator,artrowex,1,4,replace_kops,762.8
bench_scale,single_mutator,artrowex,1,4,remove_kops,1128.3
bench_scale,single_mutator,artrowex,1,8,insert_kops,2206
bench_scale,single_mutator,artrowex,1,8,replace_kops,797.9
bench_scale,single_mutator,artrowex,1,8,remove_kops,1083.3
bench_scale,single_mutator,artrowex,1,16,insert_kops,2108.4
bench_scale,single_mutator,artrowex,1,16,replace_kops,799.7
bench_scale,single_mutator,artrowex,1,16,remove_kops,1071.3
bench_scale,single_mutator,artrowex,1,32,insert_kops,1934.1
bench_scale,single_mutator,artrowex,1,32,replace_kops,799.4
bench_scale,single_mutator,artrowex,1,32,remove_kops,1053.1
bench_scale,single_mutator,artrowex,1,64,insert_kops,1770.5
bench_scale,single_mutator,artrowex,1,64,replace_kops,798.6
bench_scale,single_mutator,artrowex,1,64,remove_kops,1022.3
bench_scale,single_mutator,artrowex,1,96,insert_kops,1539.7
bench_scale,single_mutator,artrowex,1,96,replace_kops,796.5
bench_scale,single_mutator,artrowex,1,96,remove_kops,992
bench_scale,single_mutator,artrowex,1,128,insert_kops,1492.3
bench_scale,single_mutator,artrowex,1,128,replace_kops,791
bench_scale,single_mutator,artrowex,1,128,remove_kops,987.5
bench_scale,single_mutator,artrowex,1,191,insert_kops,1374.2
bench_scale,single_mutator,artrowex,1,191,replace_kops,693.5
bench_scale,single_mutator,artrowex,1,191,remove_kops,897
bench_scale,single_mutator,artrowex,2,0,insert_kops,3275.7
bench_scale,single_mutator,artrowex,2,0,replace_kops,779.8
bench_scale,single_mutator,artrowex,2,0,remove_kops,1142.4
bench_scale,single_mutator,artrowex,2,1,insert_kops,3033.4
bench_scale,single_mutator,artrowex,2,1,replace_kops,770
bench_scale,single_mutator,artrowex,2,1,remove_kops,1135
bench_scale,single_mutator,artrowex,2,2,insert_kops,2913.1
bench_scale,single_mutator,artrowex,2,2,replace_kops,758.7
bench_scale,single_mutator,artrowex,2,2,remove_kops,1125.3
bench_scale,single_mutator,artrowex,2,4,insert_kops,2787.7
bench_scale,single_mutator,artrowex,2,4,replace_kops,739.6
bench_scale,single_mutator,artrowex,2,4,remove_kops,1105.5
bench_scale,single_mutator,artrowex,2,8,insert_kops,2241.5
bench_scale,single_mutator,artrowex,2,8,replace_kops,797.8
bench_scale,single_mutator,artrowex,2,8,remove_kops,1087.8
bench_scale,single_mutator,artrowex,2,16,insert_kops,2126.4
bench_scale,single_mutator,artrowex,2,16,replace_kops,799.6
bench_scale,single_mutator,artrowex,2,16,remove_kops,1075.7
bench_scale,single_mutator,artrowex,2,32,insert_kops,1952.3
bench_scale,single_mutator,artrowex,2,32,replace_kops,800.6
bench_scale,single_mutator,artrowex,2,32,remove_kops,1059.7
bench_scale,single_mutator,artrowex,2,64,insert_kops,1788.6
bench_scale,single_mutator,artrowex,2,64,replace_kops,798.6
bench_scale,single_mutator,artrowex,2,64,remove_kops,1031.1
bench_scale,single_mutator,artrowex,2,96,insert_kops,1548.8
bench_scale,single_mutator,artrowex,2,96,replace_kops,795.8
bench_scale,single_mutator,artrowex,2,96,remove_kops,996.7
bench_scale,single_mutator,artrowex,2,128,insert_kops,1496.4
bench_scale,single_mutator,artrowex,2,128,replace_kops,791.3
bench_scale,single_mutator,artrowex,2,128,remove_kops,993.7
bench_scale,single_mutator,artrowex,2,191,insert_kops,1400.4
bench_scale,single_mutator,artrowex,2,191,replace_kops,761.9
bench_scale,single_mutator,artrowex,2,191,remove_kops,976.9
bench_scale,single_mutator,artrowex,3,0,insert_kops,3257.7
bench_scale,single_mutator,artrowex,3,0,replace_kops,780.2
bench_scale,single_mutator,artrowex,3,0,remove_kops,1144.3
bench_scale,single_mutator,artrowex,3,1,insert_kops,3090.8
bench_scale,single_mutator,artrowex,3,1,replace_kops,780.7
bench_scale,single_mutator,artrowex,3,1,remove_kops,1143.4
bench_scale,single_mutator,artrowex,3,2,insert_kops,2953.6
bench_scale,single_mutator,artrowex,3,2,replace_kops,778.6
bench_scale,single_mutator,artrowex,3,2,remove_kops,1144.5
bench_scale,single_mutator,artrowex,3,4,insert_kops,2794.5
bench_scale,single_mutator,artrowex,3,4,replace_kops,748.9
bench_scale,single_mutator,artrowex,3,4,remove_kops,1117.4
bench_scale,single_mutator,artrowex,3,8,insert_kops,2196.9
bench_scale,single_mutator,artrowex,3,8,replace_kops,797.3
bench_scale,single_mutator,artrowex,3,8,remove_kops,1084.6
bench_scale,single_mutator,artrowex,3,16,insert_kops,2094.7
bench_scale,single_mutator,artrowex,3,16,replace_kops,795.7
bench_scale,single_mutator,artrowex,3,16,remove_kops,1073.6
bench_scale,single_mutator,artrowex,3,32,insert_kops,1933
bench_scale,single_mutator,artrowex,3,32,replace_kops,799.1
bench_scale,single_mutator,artrowex,3,32,remove_kops,1052.1
bench_scale,single_mutator,artrowex,3,64,insert_kops,1760.1
bench_scale,single_mutator,artrowex,3,64,replace_kops,795.1
bench_scale,single_mutator,artrowex,3,64,remove_kops,1022
bench_scale,single_mutator,artrowex,3,96,insert_kops,1526
bench_scale,single_mutator,artrowex,3,96,replace_kops,791.9
bench_scale,single_mutator,artrowex,3,96,remove_kops,989.1
bench_scale,single_mutator,artrowex,3,128,insert_kops,1485.2
bench_scale,single_mutator,artrowex,3,128,replace_kops,787.4
bench_scale,single_mutator,artrowex,3,128,remove_kops,983.7
bench_scale,single_mutator,artrowex,3,191,insert_kops,1373.9
bench_scale,single_mutator,artrowex,3,191,replace_kops,698.7
bench_scale,single_mutator,artrowex,3,191,remove_kops,904.5
bench_scale,single_mutator,b9qp,1,0,insert_kops,445.4
bench_scale,single_mutator,b9qp,1,0,replace_kops,461.4
bench_scale,single_mutator,b9qp,1,0,remove_kops,484.6
bench_scale,single_mutator,b9qp,1,1,insert_kops,435.4
bench_scale,single_mutator,b9qp,1,1,replace_kops,454.9
bench_scale,single_mutator,b9qp,1,1,remove_kops,477.9
bench_scale,single_mutator,b9qp,1,2,insert_kops,432
bench_scale,single_mutator,b9qp,1,2,replace_kops,451.5
bench_scale,single_mutator,b9qp,1,2,remove_kops,480.5
bench_scale,single_mutator,b9qp,1,4,insert_kops,430.6
bench_scale,single_mutator,b9qp,1,4,replace_kops,447.4
bench_scale,single_mutator,b9qp,1,4,remove_kops,474.7
bench_scale,single_mutator,b9qp,1,8,insert_kops,356.6
bench_scale,single_mutator,b9qp,1,8,replace_kops,361.3
bench_scale,single_mutator,b9qp,1,8,remove_kops,388.3
bench_scale,single_mutator,b9qp,1,16,insert_kops,346.8
bench_scale,single_mutator,b9qp,1,16,replace_kops,353.2
bench_scale,single_mutator,b9qp,1,16,remove_kops,379.2
bench_scale,single_mutator,b9qp,1,32,insert_kops,318.3
bench_scale,single_mutator,b9qp,1,32,replace_kops,328.3
bench_scale,single_mutator,b9qp,1,32,remove_kops,351.4
bench_scale,single_mutator,b9qp,1,64,insert_kops,288.7
bench_scale,single_mutator,b9qp,1,64,replace_kops,295.9
bench_scale,single_mutator,b9qp,1,64,remove_kops,316.4
bench_scale,single_mutator,b9qp,1,96,insert_kops,229.1
bench_scale,single_mutator,b9qp,1,96,replace_kops,229.2
bench_scale,single_mutator,b9qp,1,96,remove_kops,245
bench_scale,single_mutator,b9qp,1,128,insert_kops,218.9
bench_scale,single_mutator,b9qp,1,128,replace_kops,220
bench_scale,single_mutator,b9qp,1,128,remove_kops,234.1
bench_scale,single_mutator,b9qp,1,191,insert_kops,214.7
bench_scale,single_mutator,b9qp,1,191,replace_kops,211.4
bench_scale,single_mutator,b9qp,1,191,remove_kops,226.2
bench_scale,single_mutator,b9qp,2,0,insert_kops,451.8
bench_scale,single_mutator,b9qp,2,0,replace_kops,463.8
bench_scale,single_mutator,b9qp,2,0,remove_kops,484.9
bench_scale,single_mutator,b9qp,2,1,insert_kops,437.4
bench_scale,single_mutator,b9qp,2,1,replace_kops,454.1
bench_scale,single_mutator,b9qp,2,1,remove_kops,480.7
bench_scale,single_mutator,b9qp,2,2,insert_kops,435.3
bench_scale,single_mutator,b9qp,2,2,replace_kops,453.6
bench_scale,single_mutator,b9qp,2,2,remove_kops,479.6
bench_scale,single_mutator,b9qp,2,4,insert_kops,435.7
bench_scale,single_mutator,b9qp,2,4,replace_kops,449.8
bench_scale,single_mutator,b9qp,2,4,remove_kops,473.9
bench_scale,single_mutator,b9qp,2,8,insert_kops,362.6
bench_scale,single_mutator,b9qp,2,8,replace_kops,360.8
bench_scale,single_mutator,b9qp,2,8,remove_kops,392.2
bench_scale,single_mutator,b9qp,2,16,insert_kops,355.4
bench_scale,single_mutator,b9qp,2,16,replace_kops,358.5
bench_scale,single_mutator,b9qp,2,16,remove_kops,383.6
bench_scale,single_mutator,b9qp,2,32,insert_kops,333
bench_scale,single_mutator,b9qp,2,32,replace_kops,336.8
bench_scale,single_mutator,b9qp,2,32,remove_kops,362.5
bench_scale,single_mutator,b9qp,2,64,insert_kops,305.9
bench_scale,single_mutator,b9qp,2,64,replace_kops,311.9
bench_scale,single_mutator,b9qp,2,64,remove_kops,332
bench_scale,single_mutator,b9qp,2,96,insert_kops,230.9
bench_scale,single_mutator,b9qp,2,96,replace_kops,232.5
bench_scale,single_mutator,b9qp,2,96,remove_kops,248.8
bench_scale,single_mutator,b9qp,2,128,insert_kops,219
bench_scale,single_mutator,b9qp,2,128,replace_kops,219.7
bench_scale,single_mutator,b9qp,2,128,remove_kops,235.4
bench_scale,single_mutator,b9qp,2,191,insert_kops,207.9
bench_scale,single_mutator,b9qp,2,191,replace_kops,206.5
bench_scale,single_mutator,b9qp,2,191,remove_kops,219.4
bench_scale,single_mutator,b9qp,3,0,insert_kops,454.1
bench_scale,single_mutator,b9qp,3,0,replace_kops,460.9
bench_scale,single_mutator,b9qp,3,0,remove_kops,480.5
bench_scale,single_mutator,b9qp,3,1,insert_kops,442.5
bench_scale,single_mutator,b9qp,3,1,replace_kops,453
bench_scale,single_mutator,b9qp,3,1,remove_kops,476.3
bench_scale,single_mutator,b9qp,3,2,insert_kops,442.5
bench_scale,single_mutator,b9qp,3,2,replace_kops,445.9
bench_scale,single_mutator,b9qp,3,2,remove_kops,474.3
bench_scale,single_mutator,b9qp,3,4,insert_kops,438.4
bench_scale,single_mutator,b9qp,3,4,replace_kops,449.1
bench_scale,single_mutator,b9qp,3,4,remove_kops,471.7
bench_scale,single_mutator,b9qp,3,8,insert_kops,364.5
bench_scale,single_mutator,b9qp,3,8,replace_kops,362
bench_scale,single_mutator,b9qp,3,8,remove_kops,391.6
bench_scale,single_mutator,b9qp,3,16,insert_kops,359.2
bench_scale,single_mutator,b9qp,3,16,replace_kops,360.2
bench_scale,single_mutator,b9qp,3,16,remove_kops,383.4
bench_scale,single_mutator,b9qp,3,32,insert_kops,336.1
bench_scale,single_mutator,b9qp,3,32,replace_kops,337
bench_scale,single_mutator,b9qp,3,32,remove_kops,360.1
bench_scale,single_mutator,b9qp,3,64,insert_kops,308.9
bench_scale,single_mutator,b9qp,3,64,replace_kops,308.9
bench_scale,single_mutator,b9qp,3,64,remove_kops,333
bench_scale,single_mutator,b9qp,3,96,insert_kops,230.4
bench_scale,single_mutator,b9qp,3,96,replace_kops,231.4
bench_scale,single_mutator,b9qp,3,96,remove_kops,247.7
bench_scale,single_mutator,b9qp,3,128,insert_kops,219.1
bench_scale,single_mutator,b9qp,3,128,replace_kops,218
bench_scale,single_mutator,b9qp,3,128,remove_kops,234.5
bench_scale,single_mutator,b9qp,3,191,insert_kops,207.7
bench_scale,single_mutator,b9qp,3,191,replace_kops,204.4
bench_scale,single_mutator,b9qp,3,191,remove_kops,218.3
bench_scale,single_mutator,ft,1,0,insert_kops,493.3
bench_scale,single_mutator,ft,1,0,replace_kops,1410.3
bench_scale,single_mutator,ft,1,0,remove_kops,719.3
bench_scale,single_mutator,ft,1,1,insert_kops,461.1
bench_scale,single_mutator,ft,1,1,replace_kops,1323.6
bench_scale,single_mutator,ft,1,1,remove_kops,688.4
bench_scale,single_mutator,ft,1,2,insert_kops,445.8
bench_scale,single_mutator,ft,1,2,replace_kops,1272.1
bench_scale,single_mutator,ft,1,2,remove_kops,672.5
bench_scale,single_mutator,ft,1,4,insert_kops,400.6
bench_scale,single_mutator,ft,1,4,replace_kops,1100.3
bench_scale,single_mutator,ft,1,4,remove_kops,587.6
bench_scale,single_mutator,ft,1,8,insert_kops,431.2
bench_scale,single_mutator,ft,1,8,replace_kops,1356.9
bench_scale,single_mutator,ft,1,8,remove_kops,657.7
bench_scale,single_mutator,ft,1,16,insert_kops,427.2
bench_scale,single_mutator,ft,1,16,replace_kops,1340.1
bench_scale,single_mutator,ft,1,16,remove_kops,657.7
bench_scale,single_mutator,ft,1,32,insert_kops,415.9
bench_scale,single_mutator,ft,1,32,replace_kops,1274.7
bench_scale,single_mutator,ft,1,32,remove_kops,643.2
bench_scale,single_mutator,ft,1,64,insert_kops,366.4
bench_scale,single_mutator,ft,1,64,replace_kops,1161
bench_scale,single_mutator,ft,1,64,remove_kops,568.8
bench_scale,single_mutator,ft,1,96,insert_kops,334.3
bench_scale,single_mutator,ft,1,96,replace_kops,1106
bench_scale,single_mutator,ft,1,96,remove_kops,519
bench_scale,single_mutator,ft,1,128,insert_kops,333.5
bench_scale,single_mutator,ft,1,128,replace_kops,968
bench_scale,single_mutator,ft,1,128,remove_kops,534.7
bench_scale,single_mutator,ft,1,191,insert_kops,239.7
bench_scale,single_mutator,ft,1,191,replace_kops,720.4
bench_scale,single_mutator,ft,1,191,remove_kops,384.8
bench_scale,single_mutator,ft,2,0,insert_kops,489.6
bench_scale,single_mutator,ft,2,0,replace_kops,1388.7
bench_scale,single_mutator,ft,2,0,remove_kops,699.3
bench_scale,single_mutator,ft,2,1,insert_kops,482.3
bench_scale,single_mutator,ft,2,1,replace_kops,1349.9
bench_scale,single_mutator,ft,2,1,remove_kops,695.7
bench_scale,single_mutator,ft,2,2,insert_kops,443.8
bench_scale,single_mutator,ft,2,2,replace_kops,1244.1
bench_scale,single_mutator,ft,2,2,remove_kops,651.2
bench_scale,single_mutator,ft,2,4,insert_kops,407.8
bench_scale,single_mutator,ft,2,4,replace_kops,1112.1
bench_scale,single_mutator,ft,2,4,remove_kops,584.1
bench_scale,single_mutator,ft,2,8,insert_kops,431.4
bench_scale,single_mutator,ft,2,8,replace_kops,1336.8
bench_scale,single_mutator,ft,2,8,remove_kops,661
bench_scale,single_mutator,ft,2,16,insert_kops,430.5
bench_scale,single_mutator,ft,2,16,replace_kops,1327.9
bench_scale,single_mutator,ft,2,16,remove_kops,657.3
bench_scale,single_mutator,ft,2,32,insert_kops,420.2
bench_scale,single_mutator,ft,2,32,replace_kops,1294.2
bench_scale,single_mutator,ft,2,32,remove_kops,641.1
bench_scale,single_mutator,ft,2,64,insert_kops,372.3
bench_scale,single_mutator,ft,2,64,replace_kops,1136.7
bench_scale,single_mutator,ft,2,64,remove_kops,569.1
bench_scale,single_mutator,ft,2,96,insert_kops,339.1
bench_scale,single_mutator,ft,2,96,replace_kops,1064.6
bench_scale,single_mutator,ft,2,96,remove_kops,528.6
bench_scale,single_mutator,ft,2,128,insert_kops,332
bench_scale,single_mutator,ft,2,128,replace_kops,1024.1
bench_scale,single_mutator,ft,2,128,remove_kops,515.5
bench_scale,single_mutator,ft,2,191,insert_kops,239
bench_scale,single_mutator,ft,2,191,replace_kops,719.6
bench_scale,single_mutator,ft,2,191,remove_kops,363.6
bench_scale,single_mutator,ft,3,0,insert_kops,494.3
bench_scale,single_mutator,ft,3,0,replace_kops,1417.7
bench_scale,single_mutator,ft,3,0,remove_kops,711.1
bench_scale,single_mutator,ft,3,1,insert_kops,474.3
bench_scale,single_mutator,ft,3,1,replace_kops,1375.7
bench_scale,single_mutator,ft,3,1,remove_kops,694.7
bench_scale,single_mutator,ft,3,2,insert_kops,468.7
bench_scale,single_mutator,ft,3,2,replace_kops,1325.1
bench_scale,single_mutator,ft,3,2,remove_kops,678.6
bench_scale,single_mutator,ft,3,4,insert_kops,402.1
bench_scale,single_mutator,ft,3,4,replace_kops,1104.3
bench_scale,single_mutator,ft,3,4,remove_kops,593.3
bench_scale,single_mutator,ft,3,8,insert_kops,429.9
bench_scale,single_mutator,ft,3,8,replace_kops,1329
bench_scale,single_mutator,ft,3,8,remove_kops,659.1
bench_scale,single_mutator,ft,3,16,insert_kops,424.6
bench_scale,single_mutator,ft,3,16,replace_kops,1319.2
bench_scale,single_mutator,ft,3,16,remove_kops,655.9
bench_scale,single_mutator,ft,3,32,insert_kops,413.6
bench_scale,single_mutator,ft,3,32,replace_kops,1276.8
bench_scale,single_mutator,ft,3,32,remove_kops,642.1
bench_scale,single_mutator,ft,3,64,insert_kops,364.9
bench_scale,single_mutator,ft,3,64,replace_kops,1093.6
bench_scale,single_mutator,ft,3,64,remove_kops,577.9
bench_scale,single_mutator,ft,3,96,insert_kops,332.2
bench_scale,single_mutator,ft,3,96,replace_kops,1077.3
bench_scale,single_mutator,ft,3,96,remove_kops,514.9
bench_scale,single_mutator,ft,3,128,insert_kops,330.3
bench_scale,single_mutator,ft,3,128,replace_kops,1021
bench_scale,single_mutator,ft,3,128,remove_kops,513
bench_scale,single_mutator,ft,3,191,insert_kops,235.2
bench_scale,single_mutator,ft,3,191,replace_kops,752.1
bench_scale,single_mutator,ft,3,191,remove_kops,361.9
bench_scale,single_mutator,ft_nolist,1,0,insert_kops,749.1
bench_scale,single_mutator,ft_nolist,1,0,replace_kops,2359
bench_scale,single_mutator,ft_nolist,1,0,remove_kops,920.8
bench_scale,single_mutator,ft_nolist,1,1,insert_kops,710.9
bench_scale,single_mutator,ft_nolist,1,1,replace_kops,2293.4
bench_scale,single_mutator,ft_nolist,1,1,remove_kops,897.7
bench_scale,single_mutator,ft_nolist,1,2,insert_kops,626.7
bench_scale,single_mutator,ft_nolist,1,2,replace_kops,2050.9
bench_scale,single_mutator,ft_nolist,1,2,remove_kops,840.2
bench_scale,single_mutator,ft_nolist,1,4,insert_kops,575.1
bench_scale,single_mutator,ft_nolist,1,4,replace_kops,1892.1
bench_scale,single_mutator,ft_nolist,1,4,remove_kops,747.4
bench_scale,single_mutator,ft_nolist,1,8,insert_kops,635.5
bench_scale,single_mutator,ft_nolist,1,8,replace_kops,2298.3
bench_scale,single_mutator,ft_nolist,1,8,remove_kops,849.8
bench_scale,single_mutator,ft_nolist,1,16,insert_kops,598.3
bench_scale,single_mutator,ft_nolist,1,16,replace_kops,2327.2
bench_scale,single_mutator,ft_nolist,1,16,remove_kops,900.7
bench_scale,single_mutator,ft_nolist,1,32,insert_kops,614
bench_scale,single_mutator,ft_nolist,1,32,replace_kops,2218.1
bench_scale,single_mutator,ft_nolist,1,32,remove_kops,827.4
bench_scale,single_mutator,ft_nolist,1,64,insert_kops,522.3
bench_scale,single_mutator,ft_nolist,1,64,replace_kops,1934.1
bench_scale,single_mutator,ft_nolist,1,64,remove_kops,735.7
bench_scale,single_mutator,ft_nolist,1,96,insert_kops,477.4
bench_scale,single_mutator,ft_nolist,1,96,replace_kops,1751.6
bench_scale,single_mutator,ft_nolist,1,96,remove_kops,663.3
bench_scale,single_mutator,ft_nolist,1,128,insert_kops,449
bench_scale,single_mutator,ft_nolist,1,128,replace_kops,1843.1
bench_scale,single_mutator,ft_nolist,1,128,remove_kops,653.4
bench_scale,single_mutator,ft_nolist,1,191,insert_kops,309.9
bench_scale,single_mutator,ft_nolist,1,191,replace_kops,1338.4
bench_scale,single_mutator,ft_nolist,1,191,remove_kops,496.8
bench_scale,single_mutator,ft_nolist,2,0,insert_kops,749
bench_scale,single_mutator,ft_nolist,2,0,replace_kops,2344.3
bench_scale,single_mutator,ft_nolist,2,0,remove_kops,921.3
bench_scale,single_mutator,ft_nolist,2,1,insert_kops,688.9
bench_scale,single_mutator,ft_nolist,2,1,replace_kops,2074.6
bench_scale,single_mutator,ft_nolist,2,1,remove_kops,876.8
bench_scale,single_mutator,ft_nolist,2,2,insert_kops,638.2
bench_scale,single_mutator,ft_nolist,2,2,replace_kops,2088.9
bench_scale,single_mutator,ft_nolist,2,2,remove_kops,824.2
bench_scale,single_mutator,ft_nolist,2,4,insert_kops,576.3
bench_scale,single_mutator,ft_nolist,2,4,replace_kops,1847.1
bench_scale,single_mutator,ft_nolist,2,4,remove_kops,762.3
bench_scale,single_mutator,ft_nolist,2,8,insert_kops,633.9
bench_scale,single_mutator,ft_nolist,2,8,replace_kops,2184.6
bench_scale,single_mutator,ft_nolist,2,8,remove_kops,857
bench_scale,single_mutator,ft_nolist,2,16,insert_kops,624.1
bench_scale,single_mutator,ft_nolist,2,16,replace_kops,2266.5
bench_scale,single_mutator,ft_nolist,2,16,remove_kops,843.4
bench_scale,single_mutator,ft_nolist,2,32,insert_kops,609
bench_scale,single_mutator,ft_nolist,2,32,replace_kops,2247.6
bench_scale,single_mutator,ft_nolist,2,32,remove_kops,822.3
bench_scale,single_mutator,ft_nolist,2,64,insert_kops,524.9
bench_scale,single_mutator,ft_nolist,2,64,replace_kops,1962.2
bench_scale,single_mutator,ft_nolist,2,64,remove_kops,732.3
bench_scale,single_mutator,ft_nolist,2,96,insert_kops,461.7
bench_scale,single_mutator,ft_nolist,2,96,replace_kops,1696.1
bench_scale,single_mutator,ft_nolist,2,96,remove_kops,676.5
bench_scale,single_mutator,ft_nolist,2,128,insert_kops,454.8
bench_scale,single_mutator,ft_nolist,2,128,replace_kops,1709.1
bench_scale,single_mutator,ft_nolist,2,128,remove_kops,654.7
bench_scale,single_mutator,ft_nolist,2,191,insert_kops,313.7
bench_scale,single_mutator,ft_nolist,2,191,replace_kops,1168.6
bench_scale,single_mutator,ft_nolist,2,191,remove_kops,461.8
bench_scale,single_mutator,ft_nolist,3,0,insert_kops,749.7
bench_scale,single_mutator,ft_nolist,3,0,replace_kops,2345.9
bench_scale,single_mutator,ft_nolist,3,0,remove_kops,911.3
bench_scale,single_mutator,ft_nolist,3,1,insert_kops,725.5
bench_scale,single_mutator,ft_nolist,3,1,replace_kops,2256.6
bench_scale,single_mutator,ft_nolist,3,1,remove_kops,882.4
bench_scale,single_mutator,ft_nolist,3,2,insert_kops,658.3
bench_scale,single_mutator,ft_nolist,3,2,replace_kops,2070.8
bench_scale,single_mutator,ft_nolist,3,2,remove_kops,802.6
bench_scale,single_mutator,ft_nolist,3,4,insert_kops,574.7
bench_scale,single_mutator,ft_nolist,3,4,replace_kops,2049
bench_scale,single_mutator,ft_nolist,3,4,remove_kops,729.6
bench_scale,single_mutator,ft_nolist,3,8,insert_kops,616.2
bench_scale,single_mutator,ft_nolist,3,8,replace_kops,2241.2
bench_scale,single_mutator,ft_nolist,3,8,remove_kops,877.7
bench_scale,single_mutator,ft_nolist,3,16,insert_kops,631.6
bench_scale,single_mutator,ft_nolist,3,16,replace_kops,2273.7
bench_scale,single_mutator,ft_nolist,3,16,remove_kops,832.3
bench_scale,single_mutator,ft_nolist,3,32,insert_kops,608.5
bench_scale,single_mutator,ft_nolist,3,32,replace_kops,2250.8
bench_scale,single_mutator,ft_nolist,3,32,remove_kops,818.1
bench_scale,single_mutator,ft_nolist,3,64,insert_kops,538.9
bench_scale,single_mutator,ft_nolist,3,64,replace_kops,1987.6
bench_scale,single_mutator,ft_nolist,3,64,remove_kops,717.6
bench_scale,single_mutator,ft_nolist,3,96,insert_kops,477.4
bench_scale,single_mutator,ft_nolist,3,96,replace_kops,1819
bench_scale,single_mutator,ft_nolist,3,96,remove_kops,672.7
bench_scale,single_mutator,ft_nolist,3,128,insert_kops,459.2
bench_scale,single_mutator,ft_nolist,3,128,replace_kops,1701.6
bench_scale,single_mutator,ft_nolist,3,128,remove_kops,670.3
bench_scale,single_mutator,ft_nolist,3,191,insert_kops,313.3
bench_scale,single_mutator,ft_nolist,3,191,replace_kops,1201.7
bench_scale,single_mutator,ft_nolist,3,191,remove_kops,503.6
bench_scale,single_mutator,hotrowex,1,0,insert_kops,5699.8
bench_scale,single_mutator,hotrowex,1,0,replace_kops,6275.6
bench_scale,single_mutator,hotrowex,1,0,remove_kops,0
bench_scale,single_mutator,hotrowex,1,1,insert_kops,5736.3
bench_scale,single_mutator,hotrowex,1,1,replace_kops,6225.7
bench_scale,single_mutator,hotrowex,1,1,remove_kops,0
bench_scale,single_mutator,hotrowex,1,2,insert_kops,5745.8
bench_scale,single_mutator,hotrowex,1,2,replace_kops,6213.3
bench_scale,single_mutator,hotrowex,1,2,remove_kops,0
bench_scale,single_mutator,hotrowex,1,4,insert_kops,5724
bench_scale,single_mutator,hotrowex,1,4,replace_kops,6209
bench_scale,single_mutator,hotrowex,1,4,remove_kops,0
bench_scale,single_mutator,hotrowex,1,8,insert_kops,5449.9
bench_scale,single_mutator,hotrowex,1,8,replace_kops,5985.7
bench_scale,single_mutator,hotrowex,1,8,remove_kops,0
bench_scale,single_mutator,hotrowex,1,16,insert_kops,5419.6
bench_scale,single_mutator,hotrowex,1,16,replace_kops,5903.9
bench_scale,single_mutator,hotrowex,1,16,remove_kops,0
bench_scale,single_mutator,hotrowex,1,32,insert_kops,5341
bench_scale,single_mutator,hotrowex,1,32,replace_kops,5834.7
bench_scale,single_mutator,hotrowex,1,32,remove_kops,0
bench_scale,single_mutator,hotrowex,1,64,insert_kops,5250.6
bench_scale,single_mutator,hotrowex,1,64,replace_kops,5713.5
bench_scale,single_mutator,hotrowex,1,64,remove_kops,0
bench_scale,single_mutator,hotrowex,1,96,insert_kops,5238.8
bench_scale,single_mutator,hotrowex,1,96,replace_kops,5693
bench_scale,single_mutator,hotrowex,1,96,remove_kops,0
bench_scale,single_mutator,hotrowex,1,128,insert_kops,5223.8
bench_scale,single_mutator,hotrowex,1,128,replace_kops,5675.8
bench_scale,single_mutator,hotrowex,1,128,remove_kops,0
bench_scale,single_mutator,hotrowex,1,191,insert_kops,5260.7
bench_scale,single_mutator,hotrowex,1,191,replace_kops,5584.4
bench_scale,single_mutator,hotrowex,1,191,remove_kops,0
bench_scale,single_mutator,hotrowex,2,0,insert_kops,5712
bench_scale,single_mutator,hotrowex,2,0,replace_kops,6258.1
bench_scale,single_mutator,hotrowex,2,0,remove_kops,0
bench_scale,single_mutator,hotrowex,2,1,insert_kops,5679.1
bench_scale,single_mutator,hotrowex,2,1,replace_kops,6211.6
bench_scale,single_mutator,hotrowex,2,1,remove_kops,0
bench_scale,single_mutator,hotrowex,2,2,insert_kops,5679.8
bench_scale,single_mutator,hotrowex,2,2,replace_kops,6222.9
bench_scale,single_mutator,hotrowex,2,2,remove_kops,0
bench_scale,single_mutator,hotrowex,2,4,insert_kops,5692.3
bench_scale,single_mutator,hotrowex,2,4,replace_kops,6229.8
bench_scale,single_mutator,hotrowex,2,4,remove_kops,0
bench_scale,single_mutator,hotrowex,2,8,insert_kops,5557.3
bench_scale,single_mutator,hotrowex,2,8,replace_kops,6103.2
bench_scale,single_mutator,hotrowex,2,8,remove_kops,0
bench_scale,single_mutator,hotrowex,2,16,insert_kops,5551.8
bench_scale,single_mutator,hotrowex,2,16,replace_kops,6098.9
bench_scale,single_mutator,hotrowex,2,16,remove_kops,0
bench_scale,single_mutator,hotrowex,2,32,insert_kops,5512.4
bench_scale,single_mutator,hotrowex,2,32,replace_kops,6039.7
bench_scale,single_mutator,hotrowex,2,32,remove_kops,0
bench_scale,single_mutator,hotrowex,2,64,insert_kops,5425.2
bench_scale,single_mutator,hotrowex,2,64,replace_kops,5920.5
bench_scale,single_mutator,hotrowex,2,64,remove_kops,0
bench_scale,single_mutator,hotrowex,2,96,insert_kops,5295.8
bench_scale,single_mutator,hotrowex,2,96,replace_kops,5726.4
bench_scale,single_mutator,hotrowex,2,96,remove_kops,0
bench_scale,single_mutator,hotrowex,2,128,insert_kops,5234.5
bench_scale,single_mutator,hotrowex,2,128,replace_kops,5691.2
bench_scale,single_mutator,hotrowex,2,128,remove_kops,0
bench_scale,single_mutator,hotrowex,2,191,insert_kops,5141.9
bench_scale,single_mutator,hotrowex,2,191,replace_kops,5569.5
bench_scale,single_mutator,hotrowex,2,191,remove_kops,0
bench_scale,single_mutator,hotrowex,3,0,insert_kops,5642.4
bench_scale,single_mutator,hotrowex,3,0,replace_kops,6185.6
bench_scale,single_mutator,hotrowex,3,0,remove_kops,0
bench_scale,single_mutator,hotrowex,3,1,insert_kops,5712.1
bench_scale,single_mutator,hotrowex,3,1,replace_kops,6224.6
bench_scale,single_mutator,hotrowex,3,1,remove_kops,0
bench_scale,single_mutator,hotrowex,3,2,insert_kops,5682
bench_scale,single_mutator,hotrowex,3,2,replace_kops,6205.2
bench_scale,single_mutator,hotrowex,3,2,remove_kops,0
bench_scale,single_mutator,hotrowex,3,4,insert_kops,5694.4
bench_scale,single_mutator,hotrowex,3,4,replace_kops,6208.5
bench_scale,single_mutator,hotrowex,3,4,remove_kops,0
bench_scale,single_mutator,hotrowex,3,8,insert_kops,5553.9
bench_scale,single_mutator,hotrowex,3,8,replace_kops,6072.9
bench_scale,single_mutator,hotrowex,3,8,remove_kops,0
bench_scale,single_mutator,hotrowex,3,16,insert_kops,5542.8
bench_scale,single_mutator,hotrowex,3,16,replace_kops,6036.5
bench_scale,single_mutator,hotrowex,3,16,remove_kops,0
bench_scale,single_mutator,hotrowex,3,32,insert_kops,5486.3
bench_scale,single_mutator,hotrowex,3,32,replace_kops,5967.8
bench_scale,single_mutator,hotrowex,3,32,remove_kops,0
bench_scale,single_mutator,hotrowex,3,64,insert_kops,5395.2
bench_scale,single_mutator,hotrowex,3,64,replace_kops,5871.3
bench_scale,single_mutator,hotrowex,3,64,remove_kops,0
bench_scale,single_mutator,hotrowex,3,96,insert_kops,5245.9
bench_scale,single_mutator,hotrowex,3,96,replace_kops,5698.7
bench_scale,single_mutator,hotrowex,3,96,remove_kops,0
bench_scale,single_mutator,hotrowex,3,128,insert_kops,5240
bench_scale,single_mutator,hotrowex,3,128,replace_kops,5681.1
bench_scale,single_mutator,hotrowex,3,128,remove_kops,0
bench_scale,single_mutator,hotrowex,3,191,insert_kops,5129.2
bench_scale,single_mutator,hotrowex,3,191,replace_kops,5502.8
bench_scale,single_mutator,hotrowex,3,191,remove_kops,0
bench_scale,single_mutator,judy,1,0,insert_kops,10705.2
bench_scale,single_mutator,judy,1,0,replace_kops,15389.7
bench_scale,single_mutator,judy,1,0,remove_kops,9045.3
bench_scale,single_mutator,judy,1,1,insert_kops,2.3
bench_scale,single_mutator,judy,1,1,replace_kops,2.1
bench_scale,single_mutator,judy,1,1,remove_kops,2.1
bench_scale,single_mutator,judy,1,2,insert_kops,2.2
bench_scale,single_mutator,judy,1,2,replace_kops,2.5
bench_scale,single_mutator,judy,1,2,remove_kops,2.2
bench_scale,single_mutator,judy,1,4,insert_kops,2.4
bench_scale,single_mutator,judy,1,4,replace_kops,2.4
bench_scale,single_mutator,judy,1,4,remove_kops,2.8
bench_scale,single_mutator,judy,1,8,insert_kops,2.4
bench_scale,single_mutator,judy,1,8,replace_kops,2.4
bench_scale,single_mutator,judy,1,8,remove_kops,2.7
bench_scale,single_mutator,judy,1,16,insert_kops,15.8
bench_scale,single_mutator,judy,1,16,replace_kops,46.7
bench_scale,single_mutator,judy,1,16,remove_kops,17.1
bench_scale,single_mutator,judy,1,32,insert_kops,49.9
bench_scale,single_mutator,judy,1,32,replace_kops,148.2
bench_scale,single_mutator,judy,1,32,remove_kops,50.6
bench_scale,single_mutator,judy,1,64,insert_kops,138.2
bench_scale,single_mutator,judy,1,64,replace_kops,308.8
bench_scale,single_mutator,judy,1,64,remove_kops,135.7
bench_scale,single_mutator,judy,1,96,insert_kops,156.4
bench_scale,single_mutator,judy,1,96,replace_kops,346.4
bench_scale,single_mutator,judy,1,96,remove_kops,152.5
bench_scale,single_mutator,judy,1,128,insert_kops,264.9
bench_scale,single_mutator,judy,1,128,replace_kops,459.7
bench_scale,single_mutator,judy,1,128,remove_kops,237.7
bench_scale,single_mutator,judy,1,191,insert_kops,495.8
bench_scale,single_mutator,judy,1,191,replace_kops,787.7
bench_scale,single_mutator,judy,1,191,remove_kops,406.8
bench_scale,single_mutator,judy,2,0,insert_kops,10767
bench_scale,single_mutator,judy,2,0,replace_kops,15397
bench_scale,single_mutator,judy,2,0,remove_kops,9054.2
bench_scale,single_mutator,judy,2,1,insert_kops,2.2
bench_scale,single_mutator,judy,2,1,replace_kops,2
bench_scale,single_mutator,judy,2,1,remove_kops,2.3
bench_scale,single_mutator,judy,2,2,insert_kops,2.2
bench_scale,single_mutator,judy,2,2,replace_kops,2.6
bench_scale,single_mutator,judy,2,2,remove_kops,2.2
bench_scale,single_mutator,judy,2,4,insert_kops,2.4
bench_scale,single_mutator,judy,2,4,replace_kops,2.4
bench_scale,single_mutator,judy,2,4,remove_kops,2.8
bench_scale,single_mutator,judy,2,8,insert_kops,2.5
bench_scale,single_mutator,judy,2,8,replace_kops,2.5
bench_scale,single_mutator,judy,2,8,remove_kops,2.5
bench_scale,single_mutator,judy,2,16,insert_kops,11.9
bench_scale,single_mutator,judy,2,16,replace_kops,41.3
bench_scale,single_mutator,judy,2,16,remove_kops,13.6
bench_scale,single_mutator,judy,2,32,insert_kops,47.6
bench_scale,single_mutator,judy,2,32,replace_kops,151.4
bench_scale,single_mutator,judy,2,32,remove_kops,49
bench_scale,single_mutator,judy,2,64,insert_kops,133.3
bench_scale,single_mutator,judy,2,64,replace_kops,295
bench_scale,single_mutator,judy,2,64,remove_kops,130.6
bench_scale,single_mutator,judy,2,96,insert_kops,163.4
bench_scale,single_mutator,judy,2,96,replace_kops,353.3
bench_scale,single_mutator,judy,2,96,remove_kops,160.9
bench_scale,single_mutator,judy,2,128,insert_kops,279.3
bench_scale,single_mutator,judy,2,128,replace_kops,478.7
bench_scale,single_mutator,judy,2,128,remove_kops,248.7
bench_scale,single_mutator,judy,2,191,insert_kops,487.4
bench_scale,single_mutator,judy,2,191,replace_kops,801
bench_scale,single_mutator,judy,2,191,remove_kops,423.9
bench_scale,single_mutator,judy,3,0,insert_kops,10713.4
bench_scale,single_mutator,judy,3,0,replace_kops,15355.8
bench_scale,single_mutator,judy,3,0,remove_kops,9018.2
bench_scale,single_mutator,judy,3,1,insert_kops,2.3
bench_scale,single_mutator,judy,3,1,replace_kops,2.1
bench_scale,single_mutator,judy,3,1,remove_kops,2.1
bench_scale,single_mutator,judy,3,2,insert_kops,2.2
bench_scale,single_mutator,judy,3,2,replace_kops,2.5
bench_scale,single_mutator,judy,3,2,remove_kops,2.2
bench_scale,single_mutator,judy,3,4,insert_kops,2.4
bench_scale,single_mutator,judy,3,4,replace_kops,2.3
bench_scale,single_mutator,judy,3,4,remove_kops,2.9
bench_scale,single_mutator,judy,3,8,insert_kops,2.5
bench_scale,single_mutator,judy,3,8,replace_kops,2.5
bench_scale,single_mutator,judy,3,8,remove_kops,2.6
bench_scale,single_mutator,judy,3,16,insert_kops,11.9
bench_scale,single_mutator,judy,3,16,replace_kops,39.9
bench_scale,single_mutator,judy,3,16,remove_kops,13.3
bench_scale,single_mutator,judy,3,32,insert_kops,35.6
bench_scale,single_mutator,judy,3,32,replace_kops,136.2
bench_scale,single_mutator,judy,3,32,remove_kops,45.9
bench_scale,single_mutator,judy,3,64,insert_kops,117.2
bench_scale,single_mutator,judy,3,64,replace_kops,274.9
bench_scale,single_mutator,judy,3,64,remove_kops,116.2
bench_scale,single_mutator,judy,3,96,insert_kops,160.4
bench_scale,single_mutator,judy,3,96,replace_kops,352.3
bench_scale,single_mutator,judy,3,96,remove_kops,154
bench_scale,single_mutator,judy,3,128,insert_kops,279.7
bench_scale,single_mutator,judy,3,128,replace_kops,471.9
bench_scale,single_mutator,judy,3,128,remove_kops,249.3
bench_scale,single_mutator,judy,3,191,insert_kops,514.8
bench_scale,single_mutator,judy,3,191,replace_kops,817.7
bench_scale,single_mutator,judy,3,191,remove_kops,416.4
bench_scale,single_mutator,masstree,1,0,insert_kops,11251.1
bench_scale,single_mutator,masstree,1,0,replace_kops,13059.5
bench_scale,single_mutator,masstree,1,0,remove_kops,12217.2
bench_scale,single_mutator,masstree,1,1,insert_kops,11144.6
bench_scale,single_mutator,masstree,1,1,replace_kops,13004.1
bench_scale,single_mutator,masstree,1,1,remove_kops,12128.6
bench_scale,single_mutator,masstree,1,2,insert_kops,11179.7
bench_scale,single_mutator,masstree,1,2,replace_kops,13013.2
bench_scale,single_mutator,masstree,1,2,remove_kops,12118.5
bench_scale,single_mutator,masstree,1,4,insert_kops,11250.6
bench_scale,single_mutator,masstree,1,4,replace_kops,13065.5
bench_scale,single_mutator,masstree,1,4,remove_kops,12135.7
bench_scale,single_mutator,masstree,1,8,insert_kops,10818.2
bench_scale,single_mutator,masstree,1,8,replace_kops,12946.5
bench_scale,single_mutator,masstree,1,8,remove_kops,11368.6
bench_scale,single_mutator,masstree,1,16,insert_kops,10786.7
bench_scale,single_mutator,masstree,1,16,replace_kops,12944.6
bench_scale,single_mutator,masstree,1,16,remove_kops,11215.4
bench_scale,single_mutator,masstree,1,32,insert_kops,10710.5
bench_scale,single_mutator,masstree,1,32,replace_kops,12932.3
bench_scale,single_mutator,masstree,1,32,remove_kops,11043.9
bench_scale,single_mutator,masstree,1,64,insert_kops,10546.6
bench_scale,single_mutator,masstree,1,64,replace_kops,12737.5
bench_scale,single_mutator,masstree,1,64,remove_kops,10633.7
bench_scale,single_mutator,masstree,1,96,insert_kops,9933.4
bench_scale,single_mutator,masstree,1,96,replace_kops,12584.6
bench_scale,single_mutator,masstree,1,96,remove_kops,9549.5
bench_scale,single_mutator,masstree,1,128,insert_kops,9818.2
bench_scale,single_mutator,masstree,1,128,replace_kops,12498.9
bench_scale,single_mutator,masstree,1,128,remove_kops,9250.8
bench_scale,single_mutator,masstree,1,191,insert_kops,9029.3
bench_scale,single_mutator,masstree,1,191,replace_kops,11765
bench_scale,single_mutator,masstree,1,191,remove_kops,8616
bench_scale,single_mutator,masstree,2,0,insert_kops,11289.9
bench_scale,single_mutator,masstree,2,0,replace_kops,13090.4
bench_scale,single_mutator,masstree,2,0,remove_kops,12281.6
bench_scale,single_mutator,masstree,2,1,insert_kops,11246.8
bench_scale,single_mutator,masstree,2,1,replace_kops,13079.6
bench_scale,single_mutator,masstree,2,1,remove_kops,12215.2
bench_scale,single_mutator,masstree,2,2,insert_kops,11172
bench_scale,single_mutator,masstree,2,2,replace_kops,13011.9
bench_scale,single_mutator,masstree,2,2,remove_kops,12117.7
bench_scale,single_mutator,masstree,2,4,insert_kops,11223.9
bench_scale,single_mutator,masstree,2,4,replace_kops,13049.3
bench_scale,single_mutator,masstree,2,4,remove_kops,12145.5
bench_scale,single_mutator,masstree,2,8,insert_kops,10593.4
bench_scale,single_mutator,masstree,2,8,replace_kops,12756.6
bench_scale,single_mutator,masstree,2,8,remove_kops,10764.5
bench_scale,single_mutator,masstree,2,16,insert_kops,10358.1
bench_scale,single_mutator,masstree,2,16,replace_kops,12560
bench_scale,single_mutator,masstree,2,16,remove_kops,10612.3
bench_scale,single_mutator,masstree,2,32,insert_kops,10572.5
bench_scale,single_mutator,masstree,2,32,replace_kops,12855.9
bench_scale,single_mutator,masstree,2,32,remove_kops,10480.1
bench_scale,single_mutator,masstree,2,64,insert_kops,10224.7
bench_scale,single_mutator,masstree,2,64,replace_kops,12555.3
bench_scale,single_mutator,masstree,2,64,remove_kops,10039.9
bench_scale,single_mutator,masstree,2,96,insert_kops,9738.7
bench_scale,single_mutator,masstree,2,96,replace_kops,12560.5
bench_scale,single_mutator,masstree,2,96,remove_kops,9550.8
bench_scale,single_mutator,masstree,2,128,insert_kops,9861.7
bench_scale,single_mutator,masstree,2,128,replace_kops,12513.6
bench_scale,single_mutator,masstree,2,128,remove_kops,9249.4
bench_scale,single_mutator,masstree,2,191,insert_kops,9062.5
bench_scale,single_mutator,masstree,2,191,replace_kops,11772.8
bench_scale,single_mutator,masstree,2,191,remove_kops,8488.3
bench_scale,single_mutator,masstree,3,0,insert_kops,11166.5
bench_scale,single_mutator,masstree,3,0,replace_kops,13051.9
bench_scale,single_mutator,masstree,3,0,remove_kops,12187.4
bench_scale,single_mutator,masstree,3,1,insert_kops,11166.3
bench_scale,single_mutator,masstree,3,1,replace_kops,13055.2
bench_scale,single_mutator,masstree,3,1,remove_kops,12150.7
bench_scale,single_mutator,masstree,3,2,insert_kops,11178.2
bench_scale,single_mutator,masstree,3,2,replace_kops,13038.9
bench_scale,single_mutator,masstree,3,2,remove_kops,12116
bench_scale,single_mutator,masstree,3,4,insert_kops,11117.9
bench_scale,single_mutator,masstree,3,4,replace_kops,12985.7
bench_scale,single_mutator,masstree,3,4,remove_kops,12073.8
bench_scale,single_mutator,masstree,3,8,insert_kops,11005.2
bench_scale,single_mutator,masstree,3,8,replace_kops,13001.1
bench_scale,single_mutator,masstree,3,8,remove_kops,11417.7
bench_scale,single_mutator,masstree,3,16,insert_kops,10745.1
bench_scale,single_mutator,masstree,3,16,replace_kops,12932.2
bench_scale,single_mutator,masstree,3,16,remove_kops,11275.3
bench_scale,single_mutator,masstree,3,32,insert_kops,10689.4
bench_scale,single_mutator,masstree,3,32,replace_kops,12903.5
bench_scale,single_mutator,masstree,3,32,remove_kops,11076.4
bench_scale,single_mutator,masstree,3,64,insert_kops,10268.8
bench_scale,single_mutator,masstree,3,64,replace_kops,12486
bench_scale,single_mutator,masstree,3,64,remove_kops,10390.7
bench_scale,single_mutator,masstree,3,96,insert_kops,10101.1
bench_scale,single_mutator,masstree,3,96,replace_kops,12570.3
bench_scale,single_mutator,masstree,3,96,remove_kops,9675.7
bench_scale,single_mutator,masstree,3,128,insert_kops,9341.5
bench_scale,single_mutator,masstree,3,128,replace_kops,12375.9
bench_scale,single_mutator,masstree,3,128,remove_kops,9263.5
bench_scale,single_mutator,masstree,3,191,insert_kops,9077.7
bench_scale,single_mutator,masstree,3,191,replace_kops,11612.3
bench_scale,single_mutator,masstree,3,191,remove_kops,8498.1
bench_scale,single_mutator,qp,1,0,insert_kops,9267.2
bench_scale,single_mutator,qp,1,0,replace_kops,17547.4
bench_scale,single_mutator,qp,1,0,remove_kops,16421.8
bench_scale,single_mutator,qp,1,1,insert_kops,3
bench_scale,single_mutator,qp,1,1,replace_kops,3
bench_scale,single_mutator,qp,1,1,remove_kops,3.1
bench_scale,single_mutator,qp,1,2,insert_kops,3.3
bench_scale,single_mutator,qp,1,2,replace_kops,3.1
bench_scale,single_mutator,qp,1,2,remove_kops,3.1
bench_scale,single_mutator,qp,1,4,insert_kops,3.2
bench_scale,single_mutator,qp,1,4,replace_kops,3.7
bench_scale,single_mutator,qp,1,4,remove_kops,3.2
bench_scale,single_mutator,qp,1,8,insert_kops,3.3
bench_scale,single_mutator,qp,1,8,replace_kops,3.4
bench_scale,single_mutator,qp,1,8,remove_kops,3.3
bench_scale,single_mutator,qp,1,16,insert_kops,18.4
bench_scale,single_mutator,qp,1,16,replace_kops,75.8
bench_scale,single_mutator,qp,1,16,remove_kops,35.3
bench_scale,single_mutator,qp,1,32,insert_kops,29.6
bench_scale,single_mutator,qp,1,32,replace_kops,183.8
bench_scale,single_mutator,qp,1,32,remove_kops,87.9
bench_scale,single_mutator,qp,1,64,insert_kops,122.2
bench_scale,single_mutator,qp,1,64,replace_kops,482
bench_scale,single_mutator,qp,1,64,remove_kops,313.5
bench_scale,single_mutator,qp,1,96,insert_kops,149.2
bench_scale,single_mutator,qp,1,96,replace_kops,632.8
bench_scale,single_mutator,qp,1,96,remove_kops,416.7
bench_scale,single_mutator,qp,1,128,insert_kops,290.7
bench_scale,single_mutator,qp,1,128,replace_kops,967.2
bench_scale,single_mutator,qp,1,128,remove_kops,713.9
bench_scale,single_mutator,qp,1,191,insert_kops,552.8
bench_scale,single_mutator,qp,1,191,replace_kops,1438.9
bench_scale,single_mutator,qp,1,191,remove_kops,1132.2
bench_scale,single_mutator,qp,2,0,insert_kops,9187.5
bench_scale,single_mutator,qp,2,0,replace_kops,17396.2
bench_scale,single_mutator,qp,2,0,remove_kops,16405.7
bench_scale,single_mutator,qp,2,1,insert_kops,2.9
bench_scale,single_mutator,qp,2,1,replace_kops,2.9
bench_scale,single_mutator,qp,2,1,remove_kops,3.1
bench_scale,single_mutator,qp,2,2,insert_kops,3
bench_scale,single_mutator,qp,2,2,replace_kops,3
bench_scale,single_mutator,qp,2,2,remove_kops,3
bench_scale,single_mutator,qp,2,4,insert_kops,3.3
bench_scale,single_mutator,qp,2,4,replace_kops,3.1
bench_scale,single_mutator,qp,2,4,remove_kops,3.1
bench_scale,single_mutator,qp,2,8,insert_kops,3.2
bench_scale,single_mutator,qp,2,8,replace_kops,3.6
bench_scale,single_mutator,qp,2,8,remove_kops,3.2
bench_scale,single_mutator,qp,2,16,insert_kops,17.9
bench_scale,single_mutator,qp,2,16,replace_kops,74.8
bench_scale,single_mutator,qp,2,16,remove_kops,33.6
bench_scale,single_mutator,qp,2,32,insert_kops,35.9
bench_scale,single_mutator,qp,2,32,replace_kops,190.7
bench_scale,single_mutator,qp,2,32,remove_kops,96
bench_scale,single_mutator,qp,2,64,insert_kops,115.8
bench_scale,single_mutator,qp,2,64,replace_kops,456.9
bench_scale,single_mutator,qp,2,64,remove_kops,299.8
bench_scale,single_mutator,qp,2,96,insert_kops,148.8
bench_scale,single_mutator,qp,2,96,replace_kops,595
bench_scale,single_mutator,qp,2,96,remove_kops,406.6
bench_scale,single_mutator,qp,2,128,insert_kops,269.5
bench_scale,single_mutator,qp,2,128,replace_kops,881.2
bench_scale,single_mutator,qp,2,128,remove_kops,682.9
bench_scale,single_mutator,qp,2,191,insert_kops,535.2
bench_scale,single_mutator,qp,2,191,replace_kops,1348.9
bench_scale,single_mutator,qp,2,191,remove_kops,1106.6
bench_scale,single_mutator,qp,3,0,insert_kops,9241.6
bench_scale,single_mutator,qp,3,0,replace_kops,17586.7
bench_scale,single_mutator,qp,3,0,remove_kops,16401.3
bench_scale,single_mutator,qp,3,1,insert_kops,3.3
bench_scale,single_mutator,qp,3,1,replace_kops,3.2
bench_scale,single_mutator,qp,3,1,remove_kops,4.2
bench_scale,single_mutator,qp,3,2,insert_kops,3.3
bench_scale,single_mutator,qp,3,2,replace_kops,3.4
bench_scale,single_mutator,qp,3,2,remove_kops,3.2
bench_scale,single_mutator,qp,3,4,insert_kops,3.3
bench_scale,single_mutator,qp,3,4,replace_kops,3.3
bench_scale,single_mutator,qp,3,4,remove_kops,3.3
bench_scale,single_mutator,qp,3,8,insert_kops,3.4
bench_scale,single_mutator,qp,3,8,replace_kops,3.4
bench_scale,single_mutator,qp,3,8,remove_kops,3.7
bench_scale,single_mutator,qp,3,16,insert_kops,18.4
bench_scale,single_mutator,qp,3,16,replace_kops,78.2
bench_scale,single_mutator,qp,3,16,remove_kops,36.7
bench_scale,single_mutator,qp,3,32,insert_kops,39.2
bench_scale,single_mutator,qp,3,32,replace_kops,222.7
bench_scale,single_mutator,qp,3,32,remove_kops,107.7
bench_scale,single_mutator,qp,3,64,insert_kops,104.9
bench_scale,single_mutator,qp,3,64,replace_kops,432.4
bench_scale,single_mutator,qp,3,64,remove_kops,285.1
bench_scale,single_mutator,qp,3,96,insert_kops,144.8
bench_scale,single_mutator,qp,3,96,replace_kops,625.9
bench_scale,single_mutator,qp,3,96,remove_kops,414.7
bench_scale,single_mutator,qp,3,128,insert_kops,325.1
bench_scale,single_mutator,qp,3,128,replace_kops,916.5
bench_scale,single_mutator,qp,3,128,remove_kops,681.6
bench_scale,single_mutator,qp,3,191,insert_kops,544.1
bench_scale,single_mutator,qp,3,191,replace_kops,1308.8
bench_scale,single_mutator,qp,3,191,remove_kops,1052.2
bench_scale,ordered_iteration,art,1,1,next_mops,21.7
bench_scale,ordered_iteration,art,1,2,next_mops,39.3
bench_scale,ordered_iteration,art,1,4,next_mops,78.7
bench_scale,ordered_iteration,art,1,8,next_mops,160.5
bench_scale,ordered_iteration,art,1,16,next_mops,321.6
bench_scale,ordered_iteration,art,1,32,next_mops,643.2
bench_scale,ordered_iteration,art,1,64,next_mops,1276.7
bench_scale,ordered_iteration,art,1,96,next_mops,1893.5
bench_scale,ordered_iteration,art,1,128,next_mops,2523.7
bench_scale,ordered_iteration,art,1,192,next_mops,3775.8
bench_scale,ordered_iteration,art,2,1,next_mops,21.6
bench_scale,ordered_iteration,art,2,2,next_mops,39.3
bench_scale,ordered_iteration,art,2,4,next_mops,79
bench_scale,ordered_iteration,art,2,8,next_mops,160.4
bench_scale,ordered_iteration,art,2,16,next_mops,321.6
bench_scale,ordered_iteration,art,2,32,next_mops,639.3
bench_scale,ordered_iteration,art,2,64,next_mops,1270.6
bench_scale,ordered_iteration,art,2,96,next_mops,1886.6
bench_scale,ordered_iteration,art,2,128,next_mops,2526.4
bench_scale,ordered_iteration,art,2,192,next_mops,3768
bench_scale,ordered_iteration,art,3,1,next_mops,21.8
bench_scale,ordered_iteration,art,3,2,next_mops,39.4
bench_scale,ordered_iteration,art,3,4,next_mops,79
bench_scale,ordered_iteration,art,3,8,next_mops,160.5
bench_scale,ordered_iteration,art,3,16,next_mops,321.8
bench_scale,ordered_iteration,art,3,32,next_mops,643.1
bench_scale,ordered_iteration,art,3,64,next_mops,1274.5
bench_scale,ordered_iteration,art,3,96,next_mops,1896.7
bench_scale,ordered_iteration,art,3,128,next_mops,2523.2
bench_scale,ordered_iteration,art,3,192,next_mops,3776.6
bench_scale,ordered_iteration,artolc,1,1,next_mops,13.8
bench_scale,ordered_iteration,artolc,1,2,next_mops,27.5
bench_scale,ordered_iteration,artolc,1,4,next_mops,55.5
bench_scale,ordered_iteration,artolc,1,8,next_mops,112.8
bench_scale,ordered_iteration,artolc,1,16,next_mops,224.5
bench_scale,ordered_iteration,artolc,1,32,next_mops,448.4
bench_scale,ordered_iteration,artolc,1,64,next_mops,883.1
bench_scale,ordered_iteration,artolc,1,96,next_mops,1315.9
bench_scale,ordered_iteration,artolc,1,128,next_mops,1751.1
bench_scale,ordered_iteration,artolc,1,192,next_mops,2567.7
bench_scale,ordered_iteration,artolc,2,1,next_mops,13.7
bench_scale,ordered_iteration,artolc,2,2,next_mops,27.6
bench_scale,ordered_iteration,artolc,2,4,next_mops,55.8
bench_scale,ordered_iteration,artolc,2,8,next_mops,112.5
bench_scale,ordered_iteration,artolc,2,16,next_mops,226.1
bench_scale,ordered_iteration,artolc,2,32,next_mops,449.6
bench_scale,ordered_iteration,artolc,2,64,next_mops,885.6
bench_scale,ordered_iteration,artolc,2,96,next_mops,1320.4
bench_scale,ordered_iteration,artolc,2,128,next_mops,1731.1
bench_scale,ordered_iteration,artolc,2,192,next_mops,2581.2
bench_scale,ordered_iteration,artolc,3,1,next_mops,13.8
bench_scale,ordered_iteration,artolc,3,2,next_mops,26.9
bench_scale,ordered_iteration,artolc,3,4,next_mops,55
bench_scale,ordered_iteration,artolc,3,8,next_mops,111.1
bench_scale,ordered_iteration,artolc,3,16,next_mops,222.5
bench_scale,ordered_iteration,artolc,3,32,next_mops,442
bench_scale,ordered_iteration,artolc,3,64,next_mops,882.6
bench_scale,ordered_iteration,artolc,3,96,next_mops,1302.3
bench_scale,ordered_iteration,artolc,3,128,next_mops,1730.2
bench_scale,ordered_iteration,artolc,3,192,next_mops,2543.6
bench_scale,ordered_iteration,artrowex,1,1,next_mops,12.1
bench_scale,ordered_iteration,artrowex,1,2,next_mops,24.3
bench_scale,ordered_iteration,artrowex,1,4,next_mops,49.1
bench_scale,ordered_iteration,artrowex,1,8,next_mops,100.1
bench_scale,ordered_iteration,artrowex,1,16,next_mops,200.7
bench_scale,ordered_iteration,artrowex,1,32,next_mops,401.1
bench_scale,ordered_iteration,artrowex,1,64,next_mops,790.2
bench_scale,ordered_iteration,artrowex,1,96,next_mops,1163.7
bench_scale,ordered_iteration,artrowex,1,128,next_mops,1548.3
bench_scale,ordered_iteration,artrowex,1,192,next_mops,2271.3
bench_scale,ordered_iteration,artrowex,2,1,next_mops,12
bench_scale,ordered_iteration,artrowex,2,2,next_mops,24.3
bench_scale,ordered_iteration,artrowex,2,4,next_mops,48.8
bench_scale,ordered_iteration,artrowex,2,8,next_mops,99.2
bench_scale,ordered_iteration,artrowex,2,16,next_mops,200.4
bench_scale,ordered_iteration,artrowex,2,32,next_mops,397.4
bench_scale,ordered_iteration,artrowex,2,64,next_mops,792.6
bench_scale,ordered_iteration,artrowex,2,96,next_mops,1145.5
bench_scale,ordered_iteration,artrowex,2,128,next_mops,1513.7
bench_scale,ordered_iteration,artrowex,2,192,next_mops,2253.1
bench_scale,ordered_iteration,artrowex,3,1,next_mops,11.9
bench_scale,ordered_iteration,artrowex,3,2,next_mops,24.2
bench_scale,ordered_iteration,artrowex,3,4,next_mops,49
bench_scale,ordered_iteration,artrowex,3,8,next_mops,99.1
bench_scale,ordered_iteration,artrowex,3,16,next_mops,199.8
bench_scale,ordered_iteration,artrowex,3,32,next_mops,397.6
bench_scale,ordered_iteration,artrowex,3,64,next_mops,795.2
bench_scale,ordered_iteration,artrowex,3,96,next_mops,1157.9
bench_scale,ordered_iteration,artrowex,3,128,next_mops,1545.7
bench_scale,ordered_iteration,artrowex,3,192,next_mops,2280.3
bench_scale,ordered_iteration,b9qp,1,1,next_mops,91.7
bench_scale,ordered_iteration,b9qp,1,2,next_mops,183.3
bench_scale,ordered_iteration,b9qp,1,4,next_mops,366.8
bench_scale,ordered_iteration,b9qp,1,8,next_mops,733.2
bench_scale,ordered_iteration,b9qp,1,16,next_mops,1466.3
bench_scale,ordered_iteration,b9qp,1,32,next_mops,2931.9
bench_scale,ordered_iteration,b9qp,1,64,next_mops,5606.4
bench_scale,ordered_iteration,b9qp,1,96,next_mops,7324.6
bench_scale,ordered_iteration,b9qp,1,128,next_mops,10246.2
bench_scale,ordered_iteration,b9qp,2,1,next_mops,91.5
bench_scale,ordered_iteration,b9qp,2,2,next_mops,183.6
bench_scale,ordered_iteration,b9qp,2,4,next_mops,367.4
bench_scale,ordered_iteration,b9qp,2,8,next_mops,733.4
bench_scale,ordered_iteration,b9qp,2,16,next_mops,1466.3
bench_scale,ordered_iteration,b9qp,2,32,next_mops,2932.2
bench_scale,ordered_iteration,b9qp,2,64,next_mops,5608.1
bench_scale,ordered_iteration,b9qp,2,96,next_mops,7327.3
bench_scale,ordered_iteration,b9qp,2,128,next_mops,10246.7
bench_scale,ordered_iteration,b9qp,3,1,next_mops,91.7
bench_scale,ordered_iteration,b9qp,3,2,next_mops,183.5
bench_scale,ordered_iteration,b9qp,3,4,next_mops,366.5
bench_scale,ordered_iteration,b9qp,3,8,next_mops,733.2
bench_scale,ordered_iteration,b9qp,3,16,next_mops,1467.1
bench_scale,ordered_iteration,b9qp,3,32,next_mops,2932.9
bench_scale,ordered_iteration,b9qp,3,64,next_mops,5612.2
bench_scale,ordered_iteration,b9qp,3,96,next_mops,7327.5
bench_scale,ordered_iteration,b9qp,3,128,next_mops,10245.1
bench_scale,ordered_iteration,b9qp,1,192,next_mops,15007.1
bench_scale,ordered_iteration,b9qp,2,192,next_mops,14938.9
bench_scale,ordered_iteration,b9qp,3,192,next_mops,14955.4
bench_scale,ordered_iteration,ft_ord,1,1,next_mops,37
bench_scale,ordered_iteration,ft_ord,1,2,next_mops,66.4
bench_scale,ordered_iteration,ft_ord,1,4,next_mops,132.7
bench_scale,ordered_iteration,ft_ord,1,8,next_mops,301.5
bench_scale,ordered_iteration,ft_ord,1,16,next_mops,612
bench_scale,ordered_iteration,ft_ord,1,32,next_mops,1237.5
bench_scale,ordered_iteration,ft_ord,1,64,next_mops,2483.6
bench_scale,ordered_iteration,ft_ord,1,96,next_mops,3569.5
bench_scale,ordered_iteration,ft_ord,1,128,next_mops,4883.2
bench_scale,ordered_iteration,ft_ord,1,192,next_mops,7184
bench_scale,ordered_iteration,ft_ord,2,1,next_mops,37.2
bench_scale,ordered_iteration,ft_ord,2,2,next_mops,65.8
bench_scale,ordered_iteration,ft_ord,2,4,next_mops,130.6
bench_scale,ordered_iteration,ft_ord,2,8,next_mops,301.3
bench_scale,ordered_iteration,ft_ord,2,16,next_mops,609.9
bench_scale,ordered_iteration,ft_ord,2,32,next_mops,1224.4
bench_scale,ordered_iteration,ft_ord,2,64,next_mops,2464.6
bench_scale,ordered_iteration,ft_ord,2,96,next_mops,3562.5
bench_scale,ordered_iteration,ft_ord,2,128,next_mops,4847.6
bench_scale,ordered_iteration,ft_ord,2,192,next_mops,7188.6
bench_scale,ordered_iteration,ft_ord,3,1,next_mops,36.4
bench_scale,ordered_iteration,ft_ord,3,2,next_mops,66.9
bench_scale,ordered_iteration,ft_ord,3,4,next_mops,132.5
bench_scale,ordered_iteration,ft_ord,3,8,next_mops,303
bench_scale,ordered_iteration,ft_ord,3,16,next_mops,608.6
bench_scale,ordered_iteration,ft_ord,3,32,next_mops,1230.8
bench_scale,ordered_iteration,ft_ord,3,64,next_mops,2474
bench_scale,ordered_iteration,ft_ord,3,96,next_mops,3557.1
bench_scale,ordered_iteration,ft_ord,3,128,next_mops,4851.3
bench_scale,ordered_iteration,ft_ord,3,192,next_mops,7173.6
bench_scale,ordered_iteration,ft_ord_compact,1,1,next_mops,122.5
bench_scale,ordered_iteration,ft_ord_compact,1,2,next_mops,244.6
bench_scale,ordered_iteration,ft_ord_compact,1,4,next_mops,482.2
bench_scale,ordered_iteration,ft_ord_compact,1,8,next_mops,969
bench_scale,ordered_iteration,ft_ord_compact,1,16,next_mops,1925
bench_scale,ordered_iteration,ft_ord_compact,1,32,next_mops,3876
bench_scale,ordered_iteration,ft_ord_compact,1,64,next_mops,7185.5
bench_scale,ordered_iteration,ft_ord_compact,1,96,next_mops,9246.7
bench_scale,ordered_iteration,ft_ord_compact,1,128,next_mops,13088.9
bench_scale,ordered_iteration,ft_ord_compact,1,192,next_mops,18903.4
bench_scale,ordered_iteration,ft_ord_compact,2,1,next_mops,122.4
bench_scale,ordered_iteration,ft_ord_compact,2,2,next_mops,245
bench_scale,ordered_iteration,ft_ord_compact,2,4,next_mops,487.4
bench_scale,ordered_iteration,ft_ord_compact,2,8,next_mops,979.4
bench_scale,ordered_iteration,ft_ord_compact,2,16,next_mops,1940.6
bench_scale,ordered_iteration,ft_ord_compact,2,32,next_mops,3859.8
bench_scale,ordered_iteration,ft_ord_compact,2,64,next_mops,7171.2
bench_scale,ordered_iteration,ft_ord_compact,2,96,next_mops,9292.4
bench_scale,ordered_iteration,ft_ord_compact,2,128,next_mops,13147.8
bench_scale,ordered_iteration,ft_ord_compact,2,192,next_mops,18941.6
bench_scale,ordered_iteration,ft_ord_compact,3,1,next_mops,118.5
bench_scale,ordered_iteration,ft_ord_compact,3,2,next_mops,240.3
bench_scale,ordered_iteration,ft_ord_compact,3,4,next_mops,481.7
bench_scale,ordered_iteration,ft_ord_compact,3,8,next_mops,975.8
bench_scale,ordered_iteration,ft_ord_compact,3,16,next_mops,1943.9
bench_scale,ordered_iteration,ft_ord_compact,3,32,next_mops,3880.4
bench_scale,ordered_iteration,ft_ord_compact,3,64,next_mops,7182
bench_scale,ordered_iteration,ft_ord_compact,3,96,next_mops,9281.7
bench_scale,ordered_iteration,ft_ord_compact,3,128,next_mops,13174.2
bench_scale,ordered_iteration,ft_ord_compact,3,192,next_mops,18928.6
bench_scale,ordered_iteration,ft_ord_compact_batch,1,1,next_mops,443
bench_scale,ordered_iteration,ft_ord_compact_batch,1,2,next_mops,885.3
bench_scale,ordered_iteration,ft_ord_compact_batch,1,4,next_mops,1774.8
bench_scale,ordered_iteration,ft_ord_compact_batch,1,8,next_mops,3555.6
bench_scale,ordered_iteration,ft_ord_compact_batch,1,16,next_mops,7063.5
bench_scale,ordered_iteration,ft_ord_compact_batch,1,32,next_mops,14151.5
bench_scale,ordered_iteration,ft_ord_compact_batch,1,64,next_mops,28309.2
bench_scale,ordered_iteration,ft_ord_compact_batch,1,96,next_mops,39580.4
bench_scale,ordered_iteration,ft_ord_compact_batch,1,128,next_mops,53866.7
bench_scale,ordered_iteration,ft_ord_compact_batch,1,192,next_mops,79297.6
bench_scale,ordered_iteration,ft_ord_compact_batch,2,1,next_mops,443.4
bench_scale,ordered_iteration,ft_ord_compact_batch,2,2,next_mops,887
bench_scale,ordered_iteration,ft_ord_compact_batch,2,4,next_mops,1775.8
bench_scale,ordered_iteration,ft_ord_compact_batch,2,8,next_mops,3556.8
bench_scale,ordered_iteration,ft_ord_compact_batch,2,16,next_mops,7062.4
bench_scale,ordered_iteration,ft_ord_compact_batch,2,32,next_mops,14142.4
bench_scale,ordered_iteration,ft_ord_compact_batch,2,64,next_mops,28266.1
bench_scale,ordered_iteration,ft_ord_compact_batch,2,96,next_mops,39593.7
bench_scale,ordered_iteration,ft_ord_compact_batch,2,128,next_mops,53885.8
bench_scale,ordered_iteration,ft_ord_compact_batch,2,192,next_mops,79445.7
bench_scale,ordered_iteration,ft_ord_compact_batch,3,1,next_mops,442.9
bench_scale,ordered_iteration,ft_ord_compact_batch,3,2,next_mops,885.8
bench_scale,ordered_iteration,ft_ord_compact_batch,3,4,next_mops,1774.3
bench_scale,ordered_iteration,ft_ord_compact_batch,3,8,next_mops,3553.8
bench_scale,ordered_iteration,ft_ord_compact_batch,3,16,next_mops,7055.7
bench_scale,ordered_iteration,ft_ord_compact_batch,3,32,next_mops,14136.7
bench_scale,ordered_iteration,ft_ord_compact_batch,3,64,next_mops,28241.1
bench_scale,ordered_iteration,ft_ord_compact_batch,3,96,next_mops,39576
bench_scale,ordered_iteration,ft_ord_compact_batch,3,128,next_mops,53866.3
bench_scale,ordered_iteration,ft_ord_compact_batch,3,192,next_mops,79216.5
bench_scale,ordered_iteration,hotrowex,1,1,next_mops,172.3
bench_scale,ordered_iteration,hotrowex,1,2,next_mops,348.5
bench_scale,ordered_iteration,hotrowex,1,4,next_mops,697.7
bench_scale,ordered_iteration,hotrowex,1,8,next_mops,1410.3
bench_scale,ordered_iteration,hotrowex,1,16,next_mops,2820.8
bench_scale,ordered_iteration,hotrowex,1,32,next_mops,5641.1
bench_scale,ordered_iteration,hotrowex,1,64,next_mops,10836.4
bench_scale,ordered_iteration,hotrowex,1,96,next_mops,14163.9
bench_scale,ordered_iteration,hotrowex,1,128,next_mops,20136.9
bench_scale,ordered_iteration,hotrowex,1,192,next_mops,29024.3
bench_scale,ordered_iteration,hotrowex,2,1,next_mops,173.5
bench_scale,ordered_iteration,hotrowex,2,2,next_mops,348.1
bench_scale,ordered_iteration,hotrowex,2,4,next_mops,698
bench_scale,ordered_iteration,hotrowex,2,8,next_mops,1412.6
bench_scale,ordered_iteration,hotrowex,2,16,next_mops,2820.8
bench_scale,ordered_iteration,hotrowex,2,32,next_mops,5658.6
bench_scale,ordered_iteration,hotrowex,2,64,next_mops,10858.2
bench_scale,ordered_iteration,hotrowex,2,96,next_mops,14113
bench_scale,ordered_iteration,hotrowex,2,128,next_mops,20219.4
bench_scale,ordered_iteration,hotrowex,2,192,next_mops,29100.7
bench_scale,ordered_iteration,hotrowex,3,1,next_mops,171.1
bench_scale,ordered_iteration,hotrowex,3,2,next_mops,345.1
bench_scale,ordered_iteration,hotrowex,3,4,next_mops,696.5
bench_scale,ordered_iteration,hotrowex,3,8,next_mops,1406.2
bench_scale,ordered_iteration,hotrowex,3,16,next_mops,2814.4
bench_scale,ordered_iteration,hotrowex,3,32,next_mops,5638.1
bench_scale,ordered_iteration,hotrowex,3,64,next_mops,10819.6
bench_scale,ordered_iteration,hotrowex,3,96,next_mops,14042.3
bench_scale,ordered_iteration,hotrowex,3,128,next_mops,19933.9
bench_scale,ordered_iteration,hotrowex,3,192,next_mops,29005.5
bench_scale,ordered_iteration,judy,1,1,next_mops,5.3
bench_scale,ordered_iteration,judy,1,2,next_mops,10.7
bench_scale,ordered_iteration,judy,1,4,next_mops,21.7
bench_scale,ordered_iteration,judy,1,8,next_mops,43.9
bench_scale,ordered_iteration,judy,1,16,next_mops,88.1
bench_scale,ordered_iteration,judy,1,32,next_mops,177
bench_scale,ordered_iteration,judy,1,64,next_mops,354.6
bench_scale,ordered_iteration,judy,1,96,next_mops,503
bench_scale,ordered_iteration,judy,1,128,next_mops,678.7
bench_scale,ordered_iteration,judy,1,192,next_mops,990.7
bench_scale,ordered_iteration,judy,2,1,next_mops,5.3
bench_scale,ordered_iteration,judy,2,2,next_mops,10.8
bench_scale,ordered_iteration,judy,2,4,next_mops,21.7
bench_scale,ordered_iteration,judy,2,8,next_mops,44
bench_scale,ordered_iteration,judy,2,16,next_mops,88.2
bench_scale,ordered_iteration,judy,2,32,next_mops,177.1
bench_scale,ordered_iteration,judy,2,64,next_mops,354.7
bench_scale,ordered_iteration,judy,2,96,next_mops,506.6
bench_scale,ordered_iteration,judy,2,128,next_mops,676.2
bench_scale,ordered_iteration,judy,2,192,next_mops,980.8
bench_scale,ordered_iteration,judy,3,1,next_mops,5.3
bench_scale,ordered_iteration,judy,3,2,next_mops,10.8
bench_scale,ordered_iteration,judy,3,4,next_mops,21.7
bench_scale,ordered_iteration,judy,3,8,next_mops,44
bench_scale,ordered_iteration,judy,3,16,next_mops,88.2
bench_scale,ordered_iteration,judy,3,32,next_mops,177.1
bench_scale,ordered_iteration,judy,3,64,next_mops,354.3
bench_scale,ordered_iteration,judy,3,96,next_mops,503.5
bench_scale,ordered_iteration,judy,3,128,next_mops,674.2
bench_scale,ordered_iteration,judy,3,192,next_mops,1003
bench_scale,ordered_iteration,masstree,1,1,next_mops,17.2
bench_scale,ordered_iteration,masstree,1,2,next_mops,35.5
bench_scale,ordered_iteration,masstree,1,4,next_mops,70.1
bench_scale,ordered_iteration,masstree,1,8,next_mops,138.9
bench_scale,ordered_iteration,masstree,1,16,next_mops,273.9
bench_scale,ordered_iteration,masstree,1,32,next_mops,553.8
bench_scale,ordered_iteration,masstree,1,64,next_mops,1095
bench_scale,ordered_iteration,masstree,1,96,next_mops,1542.7
bench_scale,ordered_iteration,masstree,1,128,next_mops,2067.4
bench_scale,ordered_iteration,masstree,1,192,next_mops,3040.2
bench_scale,ordered_iteration,masstree,2,1,next_mops,17.1
bench_scale,ordered_iteration,masstree,2,2,next_mops,35.1
bench_scale,ordered_iteration,masstree,2,4,next_mops,69.4
bench_scale,ordered_iteration,masstree,2,8,next_mops,137.7
bench_scale,ordered_iteration,masstree,2,16,next_mops,273.4
bench_scale,ordered_iteration,masstree,2,32,next_mops,546.9
bench_scale,ordered_iteration,masstree,2,64,next_mops,1086.7
bench_scale,ordered_iteration,masstree,2,96,next_mops,1534.5
bench_scale,ordered_iteration,masstree,2,128,next_mops,2071.5
bench_scale,ordered_iteration,masstree,2,192,next_mops,3046
bench_scale,ordered_iteration,masstree,3,1,next_mops,17.4
bench_scale,ordered_iteration,masstree,3,2,next_mops,35.6
bench_scale,ordered_iteration,masstree,3,4,next_mops,70.7
bench_scale,ordered_iteration,masstree,3,8,next_mops,139.1
bench_scale,ordered_iteration,masstree,3,16,next_mops,274.8
bench_scale,ordered_iteration,masstree,3,32,next_mops,556
bench_scale,ordered_iteration,masstree,3,64,next_mops,1105.4
bench_scale,ordered_iteration,masstree,3,96,next_mops,1557.5
bench_scale,ordered_iteration,masstree,3,128,next_mops,2071.7
bench_scale,ordered_iteration,masstree,3,192,next_mops,3044
bench_scale,ordered_iteration,qp,1,1,next_mops,4.2
bench_scale,ordered_iteration,qp,1,2,next_mops,8.3
bench_scale,ordered_iteration,qp,1,4,next_mops,17
bench_scale,ordered_iteration,qp,1,8,next_mops,34.1
bench_scale,ordered_iteration,qp,1,16,next_mops,68.7
bench_scale,ordered_iteration,qp,1,32,next_mops,142.8
bench_scale,ordered_iteration,qp,1,64,next_mops,285
bench_scale,ordered_iteration,qp,1,96,next_mops,423.2
bench_scale,ordered_iteration,qp,1,128,next_mops,549.3
bench_scale,ordered_iteration,qp,1,192,next_mops,806.3
bench_scale,ordered_iteration,qp,2,1,next_mops,4.2
bench_scale,ordered_iteration,qp,2,2,next_mops,8.4
bench_scale,ordered_iteration,qp,2,4,next_mops,17
bench_scale,ordered_iteration,qp,2,8,next_mops,34.3
bench_scale,ordered_iteration,qp,2,16,next_mops,67
bench_scale,ordered_iteration,qp,2,32,next_mops,143.1
bench_scale,ordered_iteration,qp,2,64,next_mops,285.5
bench_scale,ordered_iteration,qp,2,96,next_mops,424.2
bench_scale,ordered_iteration,qp,2,128,next_mops,554.3
bench_scale,ordered_iteration,qp,2,192,next_mops,809.2
bench_scale,ordered_iteration,qp,3,1,next_mops,4.2
bench_scale,ordered_iteration,qp,3,2,next_mops,8.3
bench_scale,ordered_iteration,qp,3,4,next_mops,16.7
bench_scale,ordered_iteration,qp,3,8,next_mops,33.5
bench_scale,ordered_iteration,qp,3,16,next_mops,68
bench_scale,ordered_iteration,qp,3,32,next_mops,141.8
bench_scale,ordered_iteration,qp,3,64,next_mops,283
bench_scale,ordered_iteration,qp,3,96,next_mops,422.4
bench_scale,ordered_iteration,qp,3,128,next_mops,567.9
bench_scale,ordered_iteration,qp,3,192,next_mops,827.1
load-names,lookup,artolc,1,1,load_mops,1.7009
load-names,lookup,artolc,1,1,query_mops,4.3191
load-names,lookup,artolc,2,1,load_mops,1.7682
load-names,lookup,artolc,2,1,query_mops,4.4365
load-names,lookup,artolc,3,1,load_mops,1.8115
load-names,lookup,artolc,3,1,query_mops,4.4652
load-names,lookup,artolc,4,1,load_mops,1.6813
load-names,lookup,artolc,4,1,query_mops,4.0312
load-names,lookup,artolc,5,1,load_mops,1.7072
load-names,lookup,artolc,5,1,query_mops,4.3163
load-names,lookup,artolc,1,128,load_mops,140.0855
load-names,lookup,artolc,1,128,query_mops,309.3145
load-names,lookup,artolc,2,128,load_mops,140.7941
load-names,lookup,artolc,2,128,query_mops,308.8990
load-names,lookup,artolc,3,128,load_mops,143.9716
load-names,lookup,artolc,3,128,query_mops,304.5676
load-names,lookup,artolc,4,128,load_mops,142.7054
load-names,lookup,artolc,4,128,query_mops,305.0190
load-names,lookup,artolc,5,128,load_mops,139.5511
load-names,lookup,artolc,5,128,query_mops,311.5979
load-names,lookup,artolc,1,192,load_mops,211.3106
load-names,lookup,artolc,1,192,query_mops,456.5542
load-names,lookup,artolc,2,192,load_mops,210.9056
load-names,lookup,artolc,2,192,query_mops,455.2094
load-names,lookup,artolc,3,192,load_mops,209.8696
load-names,lookup,artolc,3,192,query_mops,463.1250
load-names,lookup,artolc,4,192,load_mops,209.2727
load-names,lookup,artolc,4,192,query_mops,454.2193
load-names,lookup,artolc,5,192,load_mops,208.3776
load-names,lookup,artolc,5,192,query_mops,463.0040
load-names,lookup,artolc,1,64,load_mops,73.3316
load-names,lookup,artolc,1,64,query_mops,165.1195
load-names,lookup,artolc,2,64,load_mops,76.3759
load-names,lookup,artolc,2,64,query_mops,173.3515
load-names,lookup,artolc,3,64,load_mops,75.0890
load-names,lookup,artolc,3,64,query_mops,164.5033
load-names,lookup,artolc,4,64,load_mops,74.9165
load-names,lookup,artolc,4,64,query_mops,165.3108
load-names,lookup,artolc,5,64,load_mops,75.8376
load-names,lookup,artolc,5,64,query_mops,170.7059
load-names,lookup,artrowex,1,1,load_mops,1.7932
load-names,lookup,artrowex,1,1,query_mops,4.1609
load-names,lookup,artrowex,2,1,load_mops,1.8259
load-names,lookup,artrowex,2,1,query_mops,4.2025
load-names,lookup,artrowex,3,1,load_mops,1.8490
load-names,lookup,artrowex,3,1,query_mops,4.1889
load-names,lookup,artrowex,4,1,load_mops,1.8406
load-names,lookup,artrowex,4,1,query_mops,4.1473
load-names,lookup,artrowex,5,1,load_mops,1.7525
load-names,lookup,artrowex,5,1,query_mops,4.1800
load-names,lookup,artrowex,1,128,load_mops,144.5855
load-names,lookup,artrowex,1,128,query_mops,304.1669
load-names,lookup,artrowex,2,128,load_mops,147.5652
load-names,lookup,artrowex,2,128,query_mops,306.3733
load-names,lookup,artrowex,3,128,load_mops,143.9130
load-names,lookup,artrowex,3,128,query_mops,309.9278
load-names,lookup,artrowex,4,128,load_mops,142.6490
load-names,lookup,artrowex,4,128,query_mops,314.6920
load-names,lookup,artrowex,5,128,load_mops,142.3677
load-names,lookup,artrowex,5,128,query_mops,307.4009
load-names,lookup,artrowex,1,192,load_mops,214.4015
load-names,lookup,artrowex,1,192,query_mops,462.1664
load-names,lookup,artrowex,2,192,load_mops,213.7108
load-names,lookup,artrowex,2,192,query_mops,456.8854
load-names,lookup,artrowex,3,192,load_mops,215.2171
load-names,lookup,artrowex,3,192,query_mops,357.0231
load-names,lookup,artrowex,4,192,load_mops,217.1073
load-names,lookup,artrowex,4,192,query_mops,452.6334
load-names,lookup,artrowex,5,192,load_mops,221.5897
load-names,lookup,artrowex,5,192,query_mops,453.2459
load-names,lookup,artrowex,1,64,load_mops,75.2103
load-names,lookup,artrowex,1,64,query_mops,162.7800
load-names,lookup,artrowex,2,64,load_mops,75.7531
load-names,lookup,artrowex,2,64,query_mops,162.8530
load-names,lookup,artrowex,3,64,load_mops,79.6349
load-names,lookup,artrowex,3,64,query_mops,172.6936
load-names,lookup,artrowex,4,64,load_mops,76.1720
load-names,lookup,artrowex,4,64,query_mops,163.5662
load-names,lookup,artrowex,5,64,load_mops,77.2618
load-names,lookup,artrowex,5,64,query_mops,166.1380
load-names,lookup,ft_spec_il,1,1,load_mops,0.2518
load-names,lookup,ft_spec_il,1,1,query_mops,4.8586
load-names,lookup,ft_spec_il,2,1,load_mops,0.2500
load-names,lookup,ft_spec_il,2,1,query_mops,4.8890
load-names,lookup,ft_spec_il,3,1,load_mops,0.2474
load-names,lookup,ft_spec_il,3,1,query_mops,4.4420
load-names,lookup,ft_spec_il,4,1,load_mops,0.2542
load-names,lookup,ft_spec_il,4,1,query_mops,4.8712
load-names,lookup,ft_spec_il,5,1,load_mops,0.2523
load-names,lookup,ft_spec_il,5,1,query_mops,4.8264
load-names,lookup,ft_spec_il,1,128,load_mops,22.0611
load-names,lookup,ft_spec_il,1,128,query_mops,709.4787
load-names,lookup,ft_spec_il,2,128,load_mops,21.5734
load-names,lookup,ft_spec_il,2,128,query_mops,736.8729
load-names,lookup,ft_spec_il,3,128,load_mops,21.8141
load-names,lookup,ft_spec_il,3,128,query_mops,731.7791
load-names,lookup,ft_spec_il,4,128,load_mops,22.1028
load-names,lookup,ft_spec_il,4,128,query_mops,691.2815
load-names,lookup,ft_spec_il,5,128,load_mops,21.6330
load-names,lookup,ft_spec_il,5,128,query_mops,703.3111
load-names,lookup,ft_spec_il,1,192,load_mops,31.2228
load-names,lookup,ft_spec_il,1,192,query_mops,1211.7233
load-names,lookup,ft_spec_il,2,192,load_mops,31.1042
load-names,lookup,ft_spec_il,2,192,query_mops,1264.4232
load-names,lookup,ft_spec_il,3,192,load_mops,31.3416
load-names,lookup,ft_spec_il,3,192,query_mops,1247.2497
load-names,lookup,ft_spec_il,4,192,load_mops,31.0589
load-names,lookup,ft_spec_il,4,192,query_mops,1240.8438
load-names,lookup,ft_spec_il,5,192,load_mops,31.1160
load-names,lookup,ft_spec_il,5,192,query_mops,1217.8018
load-names,lookup,ft_spec_il,1,64,load_mops,11.8156
load-names,lookup,ft_spec_il,1,64,query_mops,288.9758
load-names,lookup,ft_spec_il,2,64,load_mops,11.8536
load-names,lookup,ft_spec_il,2,64,query_mops,291.8142
load-names,lookup,ft_spec_il,3,64,load_mops,11.8772
load-names,lookup,ft_spec_il,3,64,query_mops,288.5442
load-names,lookup,ft_spec_il,4,64,load_mops,11.8307
load-names,lookup,ft_spec_il,4,64,query_mops,290.2834
load-names,lookup,ft_spec_il,5,64,load_mops,11.6947
load-names,lookup,ft_spec_il,5,64,query_mops,283.4334
load-names,lookup,hotrowex,1,1,load_mops,1.5993
load-names,lookup,hotrowex,1,1,query_mops,6.5055
load-names,lookup,hotrowex,2,1,load_mops,1.6064
load-names,lookup,hotrowex,2,1,query_mops,6.4662
load-names,lookup,hotrowex,3,1,load_mops,1.5984
load-names,lookup,hotrowex,3,1,query_mops,6.5498
load-names,lookup,hotrowex,4,1,load_mops,1.6060
load-names,lookup,hotrowex,4,1,query_mops,6.4542
load-names,lookup,hotrowex,5,1,load_mops,1.6632
load-names,lookup,hotrowex,5,1,query_mops,6.5225
load-names,lookup,hotrowex,1,128,load_mops,122.8695
load-names,lookup,hotrowex,1,128,query_mops,506.5141
load-names,lookup,hotrowex,2,128,load_mops,124.6332
load-names,lookup,hotrowex,2,128,query_mops,506.1445
load-names,lookup,hotrowex,3,128,load_mops,129.9975
load-names,lookup,hotrowex,3,128,query_mops,500.7263
load-names,lookup,hotrowex,4,128,load_mops,126.2416
load-names,lookup,hotrowex,4,128,query_mops,500.2203
load-names,lookup,hotrowex,5,128,load_mops,124.6279
load-names,lookup,hotrowex,5,128,query_mops,501.3691
load-names,lookup,hotrowex,1,192,load_mops,177.9577
load-names,lookup,hotrowex,1,192,query_mops,759.8244
load-names,lookup,hotrowex,2,192,load_mops,183.5122
load-names,lookup,hotrowex,2,192,query_mops,760.5891
load-names,lookup,hotrowex,3,192,load_mops,191.3254
load-names,lookup,hotrowex,3,192,query_mops,748.1588
load-names,lookup,hotrowex,4,192,load_mops,189.2049
load-names,lookup,hotrowex,4,192,query_mops,493.8105
load-names,lookup,hotrowex,5,192,load_mops,180.4091
load-names,lookup,hotrowex,5,192,query_mops,765.3528
load-names,lookup,hotrowex,1,64,load_mops,67.7578
load-names,lookup,hotrowex,1,64,query_mops,260.9842
load-names,lookup,hotrowex,2,64,load_mops,71.6001
load-names,lookup,hotrowex,2,64,query_mops,260.1662
load-names,lookup,hotrowex,3,64,load_mops,69.3629
load-names,lookup,hotrowex,3,64,query_mops,257.5246
load-names,lookup,hotrowex,4,64,load_mops,69.7306
load-names,lookup,hotrowex,4,64,query_mops,255.7285
load-names,lookup,hotrowex,5,64,load_mops,69.7006
load-names,lookup,hotrowex,5,64,query_mops,257.1658
load-names,lookup,masstree,1,1,load_mops,2.1528
load-names,lookup,masstree,1,1,query_mops,4.1660
load-names,lookup,masstree,2,1,load_mops,2.1523
load-names,lookup,masstree,2,1,query_mops,4.3448
load-names,lookup,masstree,3,1,load_mops,2.1590
load-names,lookup,masstree,3,1,query_mops,4.2347
load-names,lookup,masstree,4,1,load_mops,2.1492
load-names,lookup,masstree,4,1,query_mops,4.2012
load-names,lookup,masstree,5,1,load_mops,2.1365
load-names,lookup,masstree,5,1,query_mops,4.1279
load-names,lookup,masstree,1,128,load_mops,160.9305
load-names,lookup,masstree,1,128,query_mops,250.8371
load-names,lookup,masstree,2,128,load_mops,159.4892
load-names,lookup,masstree,2,128,query_mops,250.2046
load-names,lookup,masstree,3,128,load_mops,159.2146
load-names,lookup,masstree,3,128,query_mops,252.7341
load-names,lookup,masstree,4,128,load_mops,159.4073
load-names,lookup,masstree,4,128,query_mops,251.5050
load-names,lookup,masstree,5,128,load_mops,161.6419
load-names,lookup,masstree,5,128,query_mops,251.0963
load-names,lookup,masstree,1,192,load_mops,218.8218
load-names,lookup,masstree,1,192,query_mops,177.8758
load-names,lookup,masstree,2,192,load_mops,220.4730
load-names,lookup,masstree,2,192,query_mops,333.3474
load-names,lookup,masstree,3,192,load_mops,223.6170
load-names,lookup,masstree,3,192,query_mops,175.1793
load-names,lookup,masstree,4,192,load_mops,220.7659
load-names,lookup,masstree,4,192,query_mops,335.2625
load-names,lookup,masstree,5,192,load_mops,224.0666
load-names,lookup,masstree,5,192,query_mops,176.7422
load-names,lookup,masstree,1,64,load_mops,97.3588
load-names,lookup,masstree,1,64,query_mops,156.2650
load-names,lookup,masstree,2,64,load_mops,98.6307
load-names,lookup,masstree,2,64,query_mops,157.3340
load-names,lookup,masstree,3,64,load_mops,97.3550
load-names,lookup,masstree,3,64,query_mops,155.6044
load-names,lookup,masstree,4,64,load_mops,98.4999
load-names,lookup,masstree,4,64,query_mops,159.0612
load-names,lookup,masstree,5,64,load_mops,97.8898
load-names,lookup,masstree,5,64,query_mops,156.1080
load-names,lookup,qp_il,1,1,load_mops,1.4182
load-names,lookup,qp_il,1,1,query_mops,4.4259
load-names,lookup,qp_il,2,1,load_mops,1.4038
load-names,lookup,qp_il,2,1,query_mops,4.4725
load-names,lookup,qp_il,3,1,load_mops,1.4116
load-names,lookup,qp_il,3,1,query_mops,4.4250
load-names,lookup,qp_il,4,1,load_mops,1.4239
load-names,lookup,qp_il,4,1,query_mops,4.4365
load-names,lookup,qp_il,5,1,load_mops,1.4143
load-names,lookup,qp_il,5,1,query_mops,4.5719
load-names,lookup,qp_il,1,128,load_mops,104.4688
load-names,lookup,qp_il,1,128,query_mops,522.1460
load-names,lookup,qp_il,2,128,load_mops,104.4665
load-names,lookup,qp_il,2,128,query_mops,560.8681
load-names,lookup,qp_il,3,128,load_mops,102.0438
load-names,lookup,qp_il,3,128,query_mops,537.5316
load-names,lookup,qp_il,4,128,load_mops,104.6449
load-names,lookup,qp_il,4,128,query_mops,543.2438
load-names,lookup,qp_il,5,128,load_mops,103.4066
load-names,lookup,qp_il,5,128,query_mops,538.1550
load-names,lookup,qp_il,1,192,load_mops,145.9661
load-names,lookup,qp_il,1,192,query_mops,881.1898
load-names,lookup,qp_il,2,192,load_mops,147.9709
load-names,lookup,qp_il,2,192,query_mops,1018.3871
load-names,lookup,qp_il,3,192,load_mops,147.3857
load-names,lookup,qp_il,3,192,query_mops,1083.5080
load-names,lookup,qp_il,4,192,load_mops,143.8647
load-names,lookup,qp_il,4,192,query_mops,902.2570
load-names,lookup,qp_il,5,192,load_mops,147.1573
load-names,lookup,qp_il,5,192,query_mops,841.7514
load-names,lookup,qp_il,1,64,load_mops,59.2174
load-names,lookup,qp_il,1,64,query_mops,249.8660
load-names,lookup,qp_il,2,64,load_mops,57.8080
load-names,lookup,qp_il,2,64,query_mops,238.9173
load-names,lookup,qp_il,3,64,load_mops,58.7964
load-names,lookup,qp_il,3,64,query_mops,246.8434
load-names,lookup,qp_il,4,64,load_mops,59.1421
load-names,lookup,qp_il,4,64,query_mops,249.3051
load-names,lookup,qp_il,5,64,load_mops,58.9825
load-names,lookup,qp_il,5,64,query_mops,250.9879
qpmulti_ft,mutate+read,qp(in_eager_run),1,1,loop_mops,1.36
qpmulti_ft,mutate+read,qp(in_eager_run),1,2,loop_mops,3.78
qpmulti_ft,mutate+read,qp(in_eager_run),1,4,loop_mops,8.09
qpmulti_ft,mutate+read,qp(in_eager_run),1,8,loop_mops,18.32
qpmulti_ft,mutate+read,qp(in_eager_run),1,16,loop_mops,36.22
qpmulti_ft,mutate+read,qp(in_eager_run),1,32,loop_mops,71.55
qpmulti_ft,mutate+read,qp(in_eager_run),1,64,loop_mops,149.9
qpmulti_ft,mutate+read,qp(in_eager_run),1,128,loop_mops,318.57
qpmulti_ft,mutate+read,qp(in_eager_run),1,191,loop_mops,447.15
qpmulti_ft,read_only,qp(in_eager_run),1,1,loop_mops,2.44
qpmulti_ft,read_only,qp(in_eager_run),1,2,loop_mops,5.29
qpmulti_ft,read_only,qp(in_eager_run),1,4,loop_mops,10.99
qpmulti_ft,read_only,qp(in_eager_run),1,8,loop_mops,22.63
qpmulti_ft,read_only,qp(in_eager_run),1,16,loop_mops,44.74
qpmulti_ft,read_only,qp(in_eager_run),1,32,loop_mops,89.82
qpmulti_ft,read_only,qp(in_eager_run),1,64,loop_mops,179.9
qpmulti_ft,read_only,qp(in_eager_run),1,128,loop_mops,359.59
qpmulti_ft,read_only,qp(in_eager_run),1,192,loop_mops,541.44
qpmulti_ft,mutate+read,ft_eager,1,1,loop_mops,1.47
qpmulti_ft,mutate+read,ft_eager,1,2,loop_mops,4.2
qpmulti_ft,mutate+read,ft_eager,1,4,loop_mops,7.36
qpmulti_ft,mutate+read,ft_eager,1,8,loop_mops,19.12
qpmulti_ft,mutate+read,ft_eager,1,16,loop_mops,36.52
qpmulti_ft,mutate+read,ft_eager,1,32,loop_mops,74.07
qpmulti_ft,mutate+read,ft_eager,1,64,loop_mops,148.52
qpmulti_ft,mutate+read,ft_eager,1,128,loop_mops,292.31
qpmulti_ft,mutate+read,ft_eager,1,191,loop_mops,445.46
qpmulti_ft,read_only,ft_eager,1,1,loop_mops,2.35
qpmulti_ft,read_only,ft_eager,1,2,loop_mops,5.04
qpmulti_ft,read_only,ft_eager,1,4,loop_mops,10.55
qpmulti_ft,read_only,ft_eager,1,8,loop_mops,21.72
qpmulti_ft,read_only,ft_eager,1,16,loop_mops,43.18
qpmulti_ft,read_only,ft_eager,1,32,loop_mops,86.51
qpmulti_ft,read_only,ft_eager,1,64,loop_mops,172.54
qpmulti_ft,read_only,ft_eager,1,128,loop_mops,335.61
qpmulti_ft,read_only,ft_eager,1,192,loop_mops,497.89
qpmulti_ft,mutate+read,qp(in_eager_run),2,1,loop_mops,1.45
qpmulti_ft,mutate+read,qp(in_eager_run),2,2,loop_mops,3.72
qpmulti_ft,mutate+read,qp(in_eager_run),2,4,loop_mops,8.55
qpmulti_ft,mutate+read,qp(in_eager_run),2,8,loop_mops,17.48
qpmulti_ft,mutate+read,qp(in_eager_run),2,16,loop_mops,36.03
qpmulti_ft,mutate+read,qp(in_eager_run),2,32,loop_mops,75.42
qpmulti_ft,mutate+read,qp(in_eager_run),2,64,loop_mops,148.97
qpmulti_ft,mutate+read,qp(in_eager_run),2,128,loop_mops,312.35
qpmulti_ft,mutate+read,qp(in_eager_run),2,191,loop_mops,467.21
qpmulti_ft,read_only,qp(in_eager_run),2,1,loop_mops,2.54
qpmulti_ft,read_only,qp(in_eager_run),2,2,loop_mops,5.35
qpmulti_ft,read_only,qp(in_eager_run),2,4,loop_mops,11.06
qpmulti_ft,read_only,qp(in_eager_run),2,8,loop_mops,22.44
qpmulti_ft,read_only,qp(in_eager_run),2,16,loop_mops,44.71
qpmulti_ft,read_only,qp(in_eager_run),2,32,loop_mops,88.43
qpmulti_ft,read_only,qp(in_eager_run),2,64,loop_mops,177.12
qpmulti_ft,read_only,qp(in_eager_run),2,128,loop_mops,353.39
qpmulti_ft,read_only,qp(in_eager_run),2,192,loop_mops,529.41
qpmulti_ft,mutate+read,ft_eager,2,1,loop_mops,1.88
qpmulti_ft,mutate+read,ft_eager,2,2,loop_mops,3.98
qpmulti_ft,mutate+read,ft_eager,2,4,loop_mops,8.44
qpmulti_ft,mutate+read,ft_eager,2,8,loop_mops,19.24
qpmulti_ft,mutate+read,ft_eager,2,16,loop_mops,37.73
qpmulti_ft,mutate+read,ft_eager,2,32,loop_mops,74.63
qpmulti_ft,mutate+read,ft_eager,2,64,loop_mops,149.43
qpmulti_ft,mutate+read,ft_eager,2,128,loop_mops,295.3
qpmulti_ft,mutate+read,ft_eager,2,191,loop_mops,454.81
qpmulti_ft,read_only,ft_eager,2,1,loop_mops,2.42
qpmulti_ft,read_only,ft_eager,2,2,loop_mops,5.09
qpmulti_ft,read_only,ft_eager,2,4,loop_mops,10.6
qpmulti_ft,read_only,ft_eager,2,8,loop_mops,21.72
qpmulti_ft,read_only,ft_eager,2,16,loop_mops,43.23
qpmulti_ft,read_only,ft_eager,2,32,loop_mops,86.31
qpmulti_ft,read_only,ft_eager,2,64,loop_mops,172.23
qpmulti_ft,read_only,ft_eager,2,128,loop_mops,335.39
qpmulti_ft,read_only,ft_eager,2,192,loop_mops,497.91
qpmulti_ft,mutate+read,qp(in_eager_run),3,1,loop_mops,1.18
qpmulti_ft,mutate+read,qp(in_eager_run),3,2,loop_mops,2.7
qpmulti_ft,mutate+read,qp(in_eager_run),3,4,loop_mops,8.08
qpmulti_ft,mutate+read,qp(in_eager_run),3,8,loop_mops,17.79
qpmulti_ft,mutate+read,qp(in_eager_run),3,16,loop_mops,36.25
qpmulti_ft,mutate+read,qp(in_eager_run),3,32,loop_mops,76.92
qpmulti_ft,mutate+read,qp(in_eager_run),3,64,loop_mops,149.31
qpmulti_ft,mutate+read,qp(in_eager_run),3,128,loop_mops,301.6
qpmulti_ft,mutate+read,qp(in_eager_run),3,191,loop_mops,473.14
qpmulti_ft,read_only,qp(in_eager_run),3,1,loop_mops,2.56
qpmulti_ft,read_only,qp(in_eager_run),3,2,loop_mops,5.39
qpmulti_ft,read_only,qp(in_eager_run),3,4,loop_mops,11.06
qpmulti_ft,read_only,qp(in_eager_run),3,8,loop_mops,22.44
qpmulti_ft,read_only,qp(in_eager_run),3,16,loop_mops,44.96
qpmulti_ft,read_only,qp(in_eager_run),3,32,loop_mops,89.88
qpmulti_ft,read_only,qp(in_eager_run),3,64,loop_mops,179.83
qpmulti_ft,read_only,qp(in_eager_run),3,128,loop_mops,357.14
qpmulti_ft,read_only,qp(in_eager_run),3,192,loop_mops,533.88
qpmulti_ft,mutate+read,ft_eager,3,1,loop_mops,1.82
qpmulti_ft,mutate+read,ft_eager,3,2,loop_mops,4.21
qpmulti_ft,mutate+read,ft_eager,3,4,loop_mops,8.94
qpmulti_ft,mutate+read,ft_eager,3,8,loop_mops,19.1
qpmulti_ft,mutate+read,ft_eager,3,16,loop_mops,37.32
qpmulti_ft,mutate+read,ft_eager,3,32,loop_mops,74.44
qpmulti_ft,mutate+read,ft_eager,3,64,loop_mops,149.01
qpmulti_ft,mutate+read,ft_eager,3,128,loop_mops,294.57
qpmulti_ft,mutate+read,ft_eager,3,191,loop_mops,452.52
qpmulti_ft,read_only,ft_eager,3,1,loop_mops,2.37
qpmulti_ft,read_only,ft_eager,3,2,loop_mops,5.04
qpmulti_ft,read_only,ft_eager,3,4,loop_mops,10.57
qpmulti_ft,read_only,ft_eager,3,8,loop_mops,21.69
qpmulti_ft,read_only,ft_eager,3,16,loop_mops,43.22
qpmulti_ft,read_only,ft_eager,3,32,loop_mops,86.16
qpmulti_ft,read_only,ft_eager,3,64,loop_mops,172.18
qpmulti_ft,read_only,ft_eager,3,128,loop_mops,334.8
qpmulti_ft,read_only,ft_eager,3,192,loop_mops,496.61
qpmulti_ft,mutate+read,qp(in_spec_run),1,1,loop_mops,1.44
qpmulti_ft,mutate+read,qp(in_spec_run),1,2,loop_mops,3.46
qpmulti_ft,mutate+read,qp(in_spec_run),1,4,loop_mops,8.48
qpmulti_ft,mutate+read,qp(in_spec_run),1,8,loop_mops,17.93
qpmulti_ft,mutate+read,qp(in_spec_run),1,16,loop_mops,33.91
qpmulti_ft,mutate+read,qp(in_spec_run),1,32,loop_mops,74.98
qpmulti_ft,mutate+read,qp(in_spec_run),1,64,loop_mops,145.34
qpmulti_ft,mutate+read,qp(in_spec_run),1,128,loop_mops,304.12
qpmulti_ft,mutate+read,qp(in_spec_run),1,191,loop_mops,443.27
qpmulti_ft,read_only,qp(in_spec_run),1,1,loop_mops,2.56
qpmulti_ft,read_only,qp(in_spec_run),1,2,loop_mops,5.46
qpmulti_ft,read_only,qp(in_spec_run),1,4,loop_mops,11.33
qpmulti_ft,read_only,qp(in_spec_run),1,8,loop_mops,22.81
qpmulti_ft,read_only,qp(in_spec_run),1,16,loop_mops,45.39
qpmulti_ft,read_only,qp(in_spec_run),1,32,loop_mops,90.79
qpmulti_ft,read_only,qp(in_spec_run),1,64,loop_mops,180.85
qpmulti_ft,read_only,qp(in_spec_run),1,128,loop_mops,359.96
qpmulti_ft,read_only,qp(in_spec_run),1,192,loop_mops,539.49
qpmulti_ft,mutate+read,ft_spec,1,1,loop_mops,2.09
qpmulti_ft,mutate+read,ft_spec,1,2,loop_mops,4.53
qpmulti_ft,mutate+read,ft_spec,1,4,loop_mops,9.51
qpmulti_ft,mutate+read,ft_spec,1,8,loop_mops,19.63
qpmulti_ft,mutate+read,ft_spec,1,16,loop_mops,38.56
qpmulti_ft,mutate+read,ft_spec,1,32,loop_mops,76.69
qpmulti_ft,mutate+read,ft_spec,1,64,loop_mops,153.91
qpmulti_ft,mutate+read,ft_spec,1,128,loop_mops,304.03
qpmulti_ft,mutate+read,ft_spec,1,191,loop_mops,465.91
qpmulti_ft,read_only,ft_spec,1,1,loop_mops,2.37
qpmulti_ft,read_only,ft_spec,1,2,loop_mops,5.19
qpmulti_ft,read_only,ft_spec,1,4,loop_mops,10.8
qpmulti_ft,read_only,ft_spec,1,8,loop_mops,21.99
qpmulti_ft,read_only,ft_spec,1,16,loop_mops,43.88
qpmulti_ft,read_only,ft_spec,1,32,loop_mops,87.54
qpmulti_ft,read_only,ft_spec,1,64,loop_mops,174.9
qpmulti_ft,read_only,ft_spec,1,128,loop_mops,345.46
qpmulti_ft,read_only,ft_spec,1,192,loop_mops,516.34
qpmulti_ft,mutate+read,qp(in_spec_run),2,1,loop_mops,1.42
qpmulti_ft,mutate+read,qp(in_spec_run),2,2,loop_mops,3.74
qpmulti_ft,mutate+read,qp(in_spec_run),2,4,loop_mops,9.05
qpmulti_ft,mutate+read,qp(in_spec_run),2,8,loop_mops,19.07
qpmulti_ft,mutate+read,qp(in_spec_run),2,16,loop_mops,37.24
qpmulti_ft,mutate+read,qp(in_spec_run),2,32,loop_mops,73.95
qpmulti_ft,mutate+read,qp(in_spec_run),2,64,loop_mops,146.49
qpmulti_ft,mutate+read,qp(in_spec_run),2,128,loop_mops,305.91
qpmulti_ft,mutate+read,qp(in_spec_run),2,191,loop_mops,452.28
qpmulti_ft,read_only,qp(in_spec_run),2,1,loop_mops,2.62
qpmulti_ft,read_only,qp(in_spec_run),2,2,loop_mops,5.46
qpmulti_ft,read_only,qp(in_spec_run),2,4,loop_mops,11.17
qpmulti_ft,read_only,qp(in_spec_run),2,8,loop_mops,22.46
qpmulti_ft,read_only,qp(in_spec_run),2,16,loop_mops,45.09
qpmulti_ft,read_only,qp(in_spec_run),2,32,loop_mops,88.91
qpmulti_ft,read_only,qp(in_spec_run),2,64,loop_mops,178.49
qpmulti_ft,read_only,qp(in_spec_run),2,128,loop_mops,355.54
qpmulti_ft,read_only,qp(in_spec_run),2,192,loop_mops,532.79
qpmulti_ft,mutate+read,ft_spec,2,1,loop_mops,1.96
qpmulti_ft,mutate+read,ft_spec,2,2,loop_mops,4.46
qpmulti_ft,mutate+read,ft_spec,2,4,loop_mops,9.13
qpmulti_ft,mutate+read,ft_spec,2,8,loop_mops,18.91
qpmulti_ft,mutate+read,ft_spec,2,16,loop_mops,37.64
qpmulti_ft,mutate+read,ft_spec,2,32,loop_mops,75.39
qpmulti_ft,mutate+read,ft_spec,2,64,loop_mops,152.1
qpmulti_ft,mutate+read,ft_spec,2,128,loop_mops,303.27
qpmulti_ft,mutate+read,ft_spec,2,191,loop_mops,465.87
qpmulti_ft,read_only,ft_spec,2,1,loop_mops,2.53
qpmulti_ft,read_only,ft_spec,2,2,loop_mops,5.27
qpmulti_ft,read_only,ft_spec,2,4,loop_mops,10.96
qpmulti_ft,read_only,ft_spec,2,8,loop_mops,22.29
qpmulti_ft,read_only,ft_spec,2,16,loop_mops,44.29
qpmulti_ft,read_only,ft_spec,2,32,loop_mops,88.4
qpmulti_ft,read_only,ft_spec,2,64,loop_mops,176.35
qpmulti_ft,read_only,ft_spec,2,128,loop_mops,346.14
qpmulti_ft,read_only,ft_spec,2,192,loop_mops,515.06
qpmulti_ft,mutate+read,qp(in_spec_run),3,1,loop_mops,1.63
qpmulti_ft,mutate+read,qp(in_spec_run),3,2,loop_mops,3.76
qpmulti_ft,mutate+read,qp(in_spec_run),3,4,loop_mops,8.85
qpmulti_ft,mutate+read,qp(in_spec_run),3,8,loop_mops,16.31
qpmulti_ft,mutate+read,qp(in_spec_run),3,16,loop_mops,35.78
qpmulti_ft,mutate+read,qp(in_spec_run),3,32,loop_mops,76.13
qpmulti_ft,mutate+read,qp(in_spec_run),3,64,loop_mops,153.21
qpmulti_ft,mutate+read,qp(in_spec_run),3,128,loop_mops,311.77
qpmulti_ft,mutate+read,qp(in_spec_run),3,191,loop_mops,458.12
qpmulti_ft,read_only,qp(in_spec_run),3,1,loop_mops,2.56
qpmulti_ft,read_only,qp(in_spec_run),3,2,loop_mops,5.41
qpmulti_ft,read_only,qp(in_spec_run),3,4,loop_mops,11.15
qpmulti_ft,read_only,qp(in_spec_run),3,8,loop_mops,22.48
qpmulti_ft,read_only,qp(in_spec_run),3,16,loop_mops,45.49
qpmulti_ft,read_only,qp(in_spec_run),3,32,loop_mops,89.82
qpmulti_ft,read_only,qp(in_spec_run),3,64,loop_mops,179.56
qpmulti_ft,read_only,qp(in_spec_run),3,128,loop_mops,357
qpmulti_ft,read_only,qp(in_spec_run),3,192,loop_mops,533.76
qpmulti_ft,mutate+read,ft_spec,3,1,loop_mops,2.02
qpmulti_ft,mutate+read,ft_spec,3,2,loop_mops,4.18
qpmulti_ft,mutate+read,ft_spec,3,4,loop_mops,9.43
qpmulti_ft,mutate+read,ft_spec,3,8,loop_mops,19.48
qpmulti_ft,mutate+read,ft_spec,3,16,loop_mops,38.19
qpmulti_ft,mutate+read,ft_spec,3,32,loop_mops,75.17
qpmulti_ft,mutate+read,ft_spec,3,64,loop_mops,150.59
qpmulti_ft,mutate+read,ft_spec,3,128,loop_mops,299.78
qpmulti_ft,mutate+read,ft_spec,3,191,loop_mops,456.16
qpmulti_ft,read_only,ft_spec,3,1,loop_mops,2.41
qpmulti_ft,read_only,ft_spec,3,2,loop_mops,5.21
qpmulti_ft,read_only,ft_spec,3,4,loop_mops,10.85
qpmulti_ft,read_only,ft_spec,3,8,loop_mops,22.05
qpmulti_ft,read_only,ft_spec,3,16,loop_mops,44.02
qpmulti_ft,read_only,ft_spec,3,32,loop_mops,87.84
qpmulti_ft,read_only,ft_spec,3,64,loop_mops,175.44
qpmulti_ft,read_only,ft_spec,3,128,loop_mops,344.29
qpmulti_ft,read_only,ft_spec,3,192,loop_mops,512.09
